2025-11-13 18:54:00,673 - root - INFO - Starting Application Discovery Agent...
2025-11-13 18:54:00,674 - __main__ - INFO - Initializing discovery manager...
2025-11-13 18:54:00,674 - discovery - INFO - Loading plugins from: /site/app/FAgent/project/plugins
2025-11-13 18:54:00,697 - eureka_discoverer - INFO - Eureka discoverer отключен в конфигурации
2025-11-13 18:54:00,697 - discovery - INFO -   - Loaded discoverer: EurekaDiscoverer
2025-11-13 18:54:00,717 - docker_discoverer - INFO - Docker discoverer инициализирован
2025-11-13 18:54:00,717 - discovery - INFO -   - Loaded discoverer: DockerDiscoverer
2025-11-13 18:54:00,718 - svc_app_discoverer - INFO - SVCAppDiscoverer инициализирован. Поддерживаемые расширения: jar, war
2025-11-13 18:54:00,718 - svc_app_discoverer - WARNING - Директория дистрибутивов не существует: /site/share/htdoc
2025-11-13 18:54:00,718 - discovery - INFO -   - Loaded discoverer: SVCAppDiscoverer
2025-11-13 18:54:00,718 - __main__ - INFO - Plugins loaded: 3
2025-11-13 18:54:00,718 - __main__ - INFO -   - EurekaDiscoverer
2025-11-13 18:54:00,718 - __main__ - INFO -   - DockerDiscoverer
2025-11-13 18:54:00,718 - __main__ - INFO -   - SVCAppDiscoverer
2025-11-13 18:54:00,718 - __main__ - INFO - Выполнение пробного обнаружения...
2025-11-13 18:54:00,730 - plugins.docker_client - INFO - Получено 6 контейнеров
2025-11-13 18:54:00,930 - docker_discoverer - INFO - Docker discoverer обнаружил 6 контейнеров
2025-11-13 18:54:00,931 - svc_app_discoverer - ERROR - Требуемые директории не существуют. app_root=/site/app, htdoc_root=/site/share/htdoc
2025-11-13 18:54:00,931 - __main__ - INFO - Trial discovery completed. Apps found: 6
2025-11-13 18:54:00,931 - __main__ - INFO - ============================================================
2025-11-13 18:54:00,931 - __main__ - INFO - Starting HTTP server on 0.0.0.0:11011
2025-11-13 18:54:00,931 - __main__ - INFO - ============================================================
2025-11-13 18:54:00,931 - server - INFO - Инициализация ControlManager
2025-11-13 18:54:00,931 - control_manager - INFO - Загрузка контроллеров из: /site/app/FAgent/project/controllers
2025-11-13 18:54:00,931 - haproxy_controller - INFO - Инициализация HAProxy клиентов
2025-11-13 18:54:00,931 - plugins.haproxy_client - INFO - Парсинг socket_path: ipv4@192.168.1.1:7777
2025-11-13 18:54:00,932 - plugins.haproxy_client - INFO - HAProxyClient инициализирован: type=tcp4, address=('192.168.1.1', 7777), timeout=5.0s
2025-11-13 18:54:00,932 - plugins.haproxy_client - INFO - Получение информации о HAProxy
2025-11-13 18:54:05,937 - plugins.haproxy_client - ERROR - Таймаут при выполнении команды: show info
2025-11-13 18:54:05,937 - plugins.haproxy_client - ERROR - Ошибка получения информации о HAProxy: Таймаут при выполнении команды: show info
2025-11-13 18:54:05,937 - plugins.haproxy_client - WARNING - Health check failed: Таймаут при выполнении команды: show info
2025-11-13 18:54:05,937 - haproxy_controller - ERROR - HAProxy клиент 'default' не прошел health check: ipv4@192.168.1.1:7777
2025-11-13 18:54:05,937 - haproxy_controller - WARNING - Не настроено ни одного HAProxy инстанса
2025-11-13 18:54:05,937 - control_manager - INFO -   - Загружен контроллер: haproxy (HAProxyController)
2025-11-13 18:54:05,937 - control_manager - INFO - Загружено контроллеров: 1
2025-11-13 18:54:05,937 - control_manager - INFO -   - haproxy
2025-11-13 18:54:05,938 - server - INFO - HTTP сервер создан на 0.0.0.0:11011
2025-11-13 18:54:19,072 - plugins.docker_client - INFO - Получено 6 контейнеров
2025-11-13 18:54:19,274 - docker_discoverer - INFO - Docker discoverer обнаружил 6 контейнеров
2025-11-13 18:54:19,274 - svc_app_discoverer - ERROR - Требуемые директории не существуют. app_root=/site/app, htdoc_root=/site/share/htdoc
2025-11-13 18:54:19,292 - plugins.docker_client - INFO - Получено 6 контейнеров
2025-11-13 18:54:19,500 - docker_discoverer - INFO - Docker discoverer обнаружил 6 контейнеров
2025-11-13 18:54:19,500 - svc_app_discoverer - ERROR - Требуемые директории не существуют. app_root=/site/app, htdoc_root=/site/share/htdoc
2025-11-13 18:54:40,939 - __main__ - INFO - Received SIGTERM, beginning graceful shutdown...
2025-11-13 18:54:40,939 - __main__ - INFO - Stopping HTTP server...
2025-11-13 18:54:45,940 - __main__ - INFO - HTTP server stopped ✓
2025-11-13 18:54:45,940 - __main__ - INFO - The agent has been stopped successfully.
2025-11-13 18:55:07,712 - root - INFO - Starting Application Discovery Agent...
2025-11-13 18:55:07,712 - __main__ - INFO - Initializing discovery manager...
2025-11-13 18:55:07,712 - discovery - INFO - Loading plugins from: /site/app/FAgent/project/plugins
2025-11-13 18:55:07,737 - eureka_discoverer - INFO - Eureka discoverer отключен в конфигурации
2025-11-13 18:55:07,737 - discovery - INFO -   - Loaded discoverer: EurekaDiscoverer
2025-11-13 18:55:07,757 - docker_discoverer - INFO - Docker discoverer инициализирован
2025-11-13 18:55:07,757 - discovery - INFO -   - Loaded discoverer: DockerDiscoverer
2025-11-13 18:55:07,757 - svc_app_discoverer - INFO - SVCAppDiscoverer инициализирован. Поддерживаемые расширения: jar, war
2025-11-13 18:55:07,757 - svc_app_discoverer - WARNING - Директория дистрибутивов не существует: /site/share/htdoc
2025-11-13 18:55:07,757 - discovery - INFO -   - Loaded discoverer: SVCAppDiscoverer
2025-11-13 18:55:07,757 - __main__ - INFO - Plugins loaded: 3
2025-11-13 18:55:07,757 - __main__ - INFO -   - EurekaDiscoverer
2025-11-13 18:55:07,757 - __main__ - INFO -   - DockerDiscoverer
2025-11-13 18:55:07,757 - __main__ - INFO -   - SVCAppDiscoverer
2025-11-13 18:55:07,757 - __main__ - INFO - Выполнение пробного обнаружения...
2025-11-13 18:55:07,770 - plugins.docker_client - INFO - Получено 6 контейнеров
2025-11-13 18:55:07,968 - docker_discoverer - INFO - Docker discoverer обнаружил 6 контейнеров
2025-11-13 18:55:07,968 - svc_app_discoverer - ERROR - Требуемые директории не существуют. app_root=/site/app, htdoc_root=/site/share/htdoc
2025-11-13 18:55:07,968 - __main__ - INFO - Trial discovery completed. Apps found: 6
2025-11-13 18:55:07,968 - __main__ - INFO - ============================================================
2025-11-13 18:55:07,968 - __main__ - INFO - Starting HTTP server on 0.0.0.0:11011
2025-11-13 18:55:07,968 - __main__ - INFO - ============================================================
2025-11-13 18:55:07,968 - server - INFO - Инициализация ControlManager
2025-11-13 18:55:07,968 - control_manager - INFO - Загрузка контроллеров из: /site/app/FAgent/project/controllers
2025-11-13 18:55:07,969 - haproxy_controller - INFO - Инициализация HAProxy клиентов
2025-11-13 18:55:07,969 - plugins.haproxy_client - INFO - Парсинг socket_path: ipv4@192.168.1.1:7777
2025-11-13 18:55:07,969 - plugins.haproxy_client - INFO - HAProxyClient инициализирован: type=tcp4, address=('192.168.1.1', 7777), timeout=5.0s
2025-11-13 18:55:07,969 - plugins.haproxy_client - INFO - Получение информации о HAProxy
2025-11-13 18:55:12,970 - plugins.haproxy_client - ERROR - Таймаут при выполнении команды: show info
2025-11-13 18:55:12,970 - plugins.haproxy_client - ERROR - Ошибка получения информации о HAProxy: Таймаут при выполнении команды: show info
2025-11-13 18:55:12,970 - plugins.haproxy_client - WARNING - Health check failed: Таймаут при выполнении команды: show info
2025-11-13 18:55:12,970 - haproxy_controller - ERROR - HAProxy клиент 'default' не прошел health check: ipv4@192.168.1.1:7777
2025-11-13 18:55:12,970 - haproxy_controller - WARNING - Не настроено ни одного HAProxy инстанса
2025-11-13 18:55:12,970 - control_manager - INFO -   - Загружен контроллер: haproxy (HAProxyController)
2025-11-13 18:55:12,970 - control_manager - INFO - Загружено контроллеров: 1
2025-11-13 18:55:12,970 - control_manager - INFO -   - haproxy
2025-11-13 18:55:12,970 - server - INFO - HTTP сервер создан на 0.0.0.0:11011
2025-11-13 18:55:24,050 - plugins.docker_client - INFO - Получено 6 контейнеров
2025-11-13 18:55:24,250 - docker_discoverer - INFO - Docker discoverer обнаружил 6 контейнеров
2025-11-13 18:55:24,250 - svc_app_discoverer - ERROR - Требуемые директории не существуют. app_root=/site/app, htdoc_root=/site/share/htdoc
2025-11-13 18:55:24,269 - plugins.docker_client - INFO - Получено 6 контейнеров
2025-11-13 18:55:24,468 - docker_discoverer - INFO - Docker discoverer обнаружил 6 контейнеров
2025-11-13 18:55:24,468 - svc_app_discoverer - ERROR - Требуемые директории не существуют. app_root=/site/app, htdoc_root=/site/share/htdoc
2025-11-14 18:40:32,036 - control_manager - WARNING - Контроллер 'eureka' не найден
2025-11-14 18:41:14,354 - __main__ - INFO - Received SIGTERM, beginning graceful shutdown...
2025-11-14 18:41:14,354 - __main__ - INFO - Stopping HTTP server...
2025-11-14 18:41:19,356 - __main__ - INFO - HTTP server stopped ✓
2025-11-14 18:41:19,356 - __main__ - INFO - The agent has been stopped successfully.
2025-11-14 18:41:21,546 - root - INFO - Starting Application Discovery Agent...
2025-11-14 18:41:21,546 - __main__ - INFO - Initializing discovery manager...
2025-11-14 18:41:21,546 - discovery - INFO - Loading plugins from: /site/app/FAgent/project/plugins
2025-11-14 18:41:21,606 - eureka_discoverer - INFO - Eureka discoverer отключен в конфигурации
2025-11-14 18:41:21,606 - discovery - INFO -   - Loaded discoverer: EurekaDiscoverer
2025-11-14 18:41:21,625 - docker_discoverer - INFO - Docker discoverer инициализирован
2025-11-14 18:41:21,625 - discovery - INFO -   - Loaded discoverer: DockerDiscoverer
2025-11-14 18:41:21,625 - svc_app_discoverer - INFO - SVCAppDiscoverer инициализирован. Поддерживаемые расширения: jar, war
2025-11-14 18:41:21,625 - svc_app_discoverer - WARNING - Директория дистрибутивов не существует: /site/share/htdoc
2025-11-14 18:41:21,625 - discovery - INFO -   - Loaded discoverer: SVCAppDiscoverer
2025-11-14 18:41:21,625 - __main__ - INFO - Plugins loaded: 3
2025-11-14 18:41:21,625 - __main__ - INFO -   - EurekaDiscoverer
2025-11-14 18:41:21,625 - __main__ - INFO -   - DockerDiscoverer
2025-11-14 18:41:21,625 - __main__ - INFO -   - SVCAppDiscoverer
2025-11-14 18:41:21,625 - __main__ - INFO - Выполнение пробного обнаружения...
2025-11-14 18:41:21,905 - plugins.docker_client - INFO - Получено 8 контейнеров
2025-11-14 18:41:22,134 - docker_discoverer - INFO - Docker discoverer обнаружил 8 контейнеров
2025-11-14 18:41:22,134 - svc_app_discoverer - ERROR - Требуемые директории не существуют. app_root=/site/app, htdoc_root=/site/share/htdoc
2025-11-14 18:41:22,134 - __main__ - INFO - Trial discovery completed. Apps found: 8
2025-11-14 18:41:22,134 - __main__ - INFO - ============================================================
2025-11-14 18:41:22,134 - __main__ - INFO - Starting HTTP server on 0.0.0.0:11011
2025-11-14 18:41:22,134 - __main__ - INFO - ============================================================
2025-11-14 18:41:22,134 - server - INFO - Инициализация ControlManager
2025-11-14 18:41:22,134 - control_manager - INFO - Загрузка контроллеров из: /site/app/FAgent/project/controllers
2025-11-14 18:41:22,136 - eureka_controller - WARNING - Eureka discovery отключен (EUREKA_DISCOVERY_ENABLED=false)
2025-11-14 18:41:22,136 - control_manager - INFO -   - Загружен контроллер: eureka (EurekaController)
2025-11-14 18:41:22,137 - haproxy_controller - INFO - Инициализация HAProxy клиентов
2025-11-14 18:41:22,137 - plugins.haproxy_client - INFO - Парсинг socket_path: ipv4@192.168.1.1:7777
2025-11-14 18:41:22,137 - plugins.haproxy_client - INFO - HAProxyClient инициализирован: type=tcp4, address=('192.168.1.1', 7777), timeout=5.0s
2025-11-14 18:41:22,137 - plugins.haproxy_client - INFO - Получение информации о HAProxy
2025-11-14 18:41:27,140 - plugins.haproxy_client - ERROR - Таймаут при выполнении команды: show info
2025-11-14 18:41:27,140 - plugins.haproxy_client - ERROR - Ошибка получения информации о HAProxy: Таймаут при выполнении команды: show info
2025-11-14 18:41:27,140 - plugins.haproxy_client - WARNING - Health check failed: Таймаут при выполнении команды: show info
2025-11-14 18:41:27,140 - haproxy_controller - ERROR - HAProxy клиент 'default' не прошел health check: ipv4@192.168.1.1:7777
2025-11-14 18:41:27,140 - haproxy_controller - WARNING - Не настроено ни одного HAProxy инстанса
2025-11-14 18:41:27,140 - control_manager - INFO -   - Загружен контроллер: haproxy (HAProxyController)
2025-11-14 18:41:27,140 - control_manager - INFO - Загружено контроллеров: 2
2025-11-14 18:41:27,140 - control_manager - INFO -   - eureka
2025-11-14 18:41:27,140 - control_manager - INFO -   - haproxy
2025-11-14 18:41:27,141 - server - INFO - HTTP сервер создан на 0.0.0.0:11011
2025-11-16 12:26:06,467 - plugins.docker_client - INFO - Получено 9 контейнеров
2025-11-16 12:26:06,753 - docker_discoverer - INFO - Docker discoverer обнаружил 9 контейнеров
2025-11-16 12:26:06,755 - svc_app_discoverer - ERROR - Требуемые директории не существуют. app_root=/site/app, htdoc_root=/site/share/htdoc
2025-11-17 15:43:42,994 - plugins.docker_client - INFO - Получено 9 контейнеров
2025-11-17 15:43:43,257 - docker_discoverer - INFO - Docker discoverer обнаружил 9 контейнеров
2025-11-17 15:43:43,258 - svc_app_discoverer - ERROR - Требуемые директории не существуют. app_root=/site/app, htdoc_root=/site/share/htdoc
2025-11-17 23:15:08,419 - root - INFO - Starting Application Discovery Agent...
2025-11-17 23:15:08,420 - __main__ - INFO - Initializing discovery manager...
2025-11-17 23:15:08,420 - discovery - INFO - Loading plugins from: /site/app/FAgent/project/plugins
2025-11-17 23:15:08,467 - eureka_discoverer - INFO - Eureka discoverer отключен в конфигурации
2025-11-17 23:15:08,467 - discovery - INFO -   - Loaded discoverer: EurekaDiscoverer
2025-11-17 23:15:08,495 - docker_discoverer - INFO - Docker discoverer инициализирован
2025-11-17 23:15:08,495 - discovery - INFO -   - Loaded discoverer: DockerDiscoverer
2025-11-17 23:15:08,495 - svc_app_discoverer - INFO - SVCAppDiscoverer инициализирован. Поддерживаемые расширения: jar, war
2025-11-17 23:15:08,495 - svc_app_discoverer - WARNING - Директория дистрибутивов не существует: /site/share/htdoc
2025-11-17 23:15:08,495 - discovery - INFO -   - Loaded discoverer: SVCAppDiscoverer
2025-11-17 23:15:08,495 - __main__ - INFO - Plugins loaded: 3
2025-11-17 23:15:08,495 - __main__ - INFO -   - EurekaDiscoverer
2025-11-17 23:15:08,495 - __main__ - INFO -   - DockerDiscoverer
2025-11-17 23:15:08,495 - __main__ - INFO -   - SVCAppDiscoverer
2025-11-17 23:15:08,495 - __main__ - INFO - Выполнение пробного обнаружения...
2025-11-17 23:15:08,530 - plugins.docker_client - INFO - Получено 9 контейнеров
2025-11-17 23:15:08,530 - docker_discoverer - INFO - Docker discoverer обнаружил 9 контейнеров
2025-11-17 23:15:08,530 - svc_app_discoverer - ERROR - Требуемые директории не существуют. app_root=/site/app, htdoc_root=/site/share/htdoc
2025-11-17 23:15:08,530 - __main__ - INFO - Trial discovery completed. Apps found: 9
2025-11-17 23:15:08,531 - __main__ - INFO - ============================================================
2025-11-17 23:15:08,531 - __main__ - INFO - Starting HTTP server on 0.0.0.0:11011
2025-11-17 23:15:08,531 - __main__ - INFO - ============================================================
2025-11-17 23:15:08,531 - server - INFO - Инициализация ControlManager
2025-11-17 23:15:08,531 - control_manager - INFO - Загрузка контроллеров из: /site/app/FAgent/project/controllers
2025-11-17 23:15:08,531 - eureka_controller - WARNING - Eureka discovery отключен (EUREKA_DISCOVERY_ENABLED=false)
2025-11-17 23:15:08,531 - control_manager - INFO -   - Загружен контроллер: eureka (EurekaController)
2025-11-17 23:15:08,532 - haproxy_controller - INFO - Инициализация HAProxy клиентов
2025-11-17 23:15:08,532 - plugins.haproxy_client - INFO - Парсинг socket_path: ipv4@192.168.1.1:7777
2025-11-17 23:15:08,532 - plugins.haproxy_client - INFO - HAProxyClient инициализирован: type=tcp4, address=('192.168.1.1', 7777), timeout=5.0s
2025-11-17 23:15:08,532 - plugins.haproxy_client - INFO - Получение информации о HAProxy
2025-11-17 23:15:13,537 - plugins.haproxy_client - ERROR - Таймаут при выполнении команды: show info
2025-11-17 23:15:13,537 - plugins.haproxy_client - ERROR - Ошибка получения информации о HAProxy: Таймаут при выполнении команды: show info
2025-11-17 23:15:13,537 - plugins.haproxy_client - WARNING - Health check failed: Таймаут при выполнении команды: show info
2025-11-17 23:15:13,537 - haproxy_controller - ERROR - HAProxy клиент 'default' не прошел health check: ipv4@192.168.1.1:7777
2025-11-17 23:15:13,537 - haproxy_controller - WARNING - Не настроено ни одного HAProxy инстанса
2025-11-17 23:15:13,537 - control_manager - INFO -   - Загружен контроллер: haproxy (HAProxyController)
2025-11-17 23:15:13,538 - control_manager - INFO - Загружено контроллеров: 2
2025-11-17 23:15:13,538 - control_manager - INFO -   - eureka
2025-11-17 23:15:13,538 - control_manager - INFO -   - haproxy
2025-11-17 23:15:13,538 - server - INFO - HTTP сервер создан на 0.0.0.0:11011
2025-11-17 23:15:42,023 - plugins.docker_client - INFO - Получено 9 контейнеров
2025-11-17 23:15:42,023 - docker_discoverer - INFO - Docker discoverer обнаружил 9 контейнеров
2025-11-17 23:15:42,023 - svc_app_discoverer - ERROR - Требуемые директории не существуют. app_root=/site/app, htdoc_root=/site/share/htdoc
2025-11-17 23:17:34,077 - plugins.docker_client - INFO - Получено 9 контейнеров
2025-11-17 23:17:34,077 - docker_discoverer - INFO - Docker discoverer обнаружил 9 контейнеров
2025-11-17 23:17:34,077 - svc_app_discoverer - ERROR - Требуемые директории не существуют. app_root=/site/app, htdoc_root=/site/share/htdoc
2025-11-17 23:23:42,476 - __main__ - INFO - Received SIGTERM, beginning graceful shutdown...
2025-11-17 23:23:42,476 - __main__ - INFO - Stopping HTTP server...
2025-11-17 23:23:47,476 - __main__ - INFO - HTTP server stopped ✓
2025-11-17 23:23:47,476 - __main__ - INFO - The agent has been stopped successfully.
2025-11-17 23:23:49,659 - root - INFO - Starting Application Discovery Agent...
2025-11-17 23:23:49,659 - __main__ - INFO - Initializing discovery manager...
2025-11-17 23:23:49,659 - discovery - INFO - Loading plugins from: /site/app/FAgent/project/plugins
2025-11-17 23:23:49,683 - eureka_discoverer - INFO - Eureka discoverer отключен в конфигурации
2025-11-17 23:23:49,683 - discovery - INFO -   - Loaded discoverer: EurekaDiscoverer
2025-11-17 23:23:49,697 - docker_discoverer - INFO - Docker discoverer инициализирован
2025-11-17 23:23:49,697 - discovery - INFO -   - Loaded discoverer: DockerDiscoverer
2025-11-17 23:23:49,697 - svc_app_discoverer - INFO - SVCAppDiscoverer инициализирован. Поддерживаемые расширения: jar, war
2025-11-17 23:23:49,697 - svc_app_discoverer - WARNING - Директория дистрибутивов не существует: /site/share/htdoc
2025-11-17 23:23:49,697 - discovery - INFO -   - Loaded discoverer: SVCAppDiscoverer
2025-11-17 23:23:49,697 - __main__ - INFO - Plugins loaded: 3
2025-11-17 23:23:49,697 - __main__ - INFO -   - EurekaDiscoverer
2025-11-17 23:23:49,697 - __main__ - INFO -   - DockerDiscoverer
2025-11-17 23:23:49,697 - __main__ - INFO -   - SVCAppDiscoverer
2025-11-17 23:23:49,697 - __main__ - INFO - Выполнение пробного обнаружения...
2025-11-17 23:23:49,720 - plugins.docker_client - INFO - Получено 9 контейнеров
2025-11-17 23:23:49,720 - docker_discoverer - INFO - Docker discoverer обнаружил 9 контейнеров
2025-11-17 23:23:49,720 - svc_app_discoverer - ERROR - Требуемые директории не существуют. app_root=/site/app, htdoc_root=/site/share/htdoc
2025-11-17 23:23:49,720 - __main__ - INFO - Trial discovery completed. Apps found: 9
2025-11-17 23:23:49,720 - __main__ - INFO - ============================================================
2025-11-17 23:23:49,720 - __main__ - INFO - Starting HTTP server on 0.0.0.0:11011
2025-11-17 23:23:49,720 - __main__ - INFO - ============================================================
2025-11-17 23:23:49,720 - server - INFO - Инициализация ControlManager
2025-11-17 23:23:49,720 - control_manager - INFO - Загрузка контроллеров из: /site/app/FAgent/project/controllers
2025-11-17 23:23:49,720 - eureka_controller - WARNING - Eureka discovery отключен (EUREKA_DISCOVERY_ENABLED=false)
2025-11-17 23:23:49,720 - control_manager - INFO -   - Загружен контроллер: eureka (EurekaController)
2025-11-17 23:23:49,721 - haproxy_controller - INFO - Инициализация HAProxy клиентов
2025-11-17 23:23:49,721 - plugins.haproxy_client - INFO - Парсинг socket_path: ipv4@192.168.1.1:7777
2025-11-17 23:23:49,721 - plugins.haproxy_client - INFO - HAProxyClient инициализирован: type=tcp4, address=('192.168.1.1', 7777), timeout=5.0s
2025-11-17 23:23:49,721 - plugins.haproxy_client - INFO - Получение информации о HAProxy
2025-11-17 23:23:54,723 - plugins.haproxy_client - ERROR - Таймаут при выполнении команды: show info
2025-11-17 23:23:54,723 - plugins.haproxy_client - ERROR - Ошибка получения информации о HAProxy: Таймаут при выполнении команды: show info
2025-11-17 23:23:54,723 - plugins.haproxy_client - WARNING - Health check failed: Таймаут при выполнении команды: show info
2025-11-17 23:23:54,724 - haproxy_controller - ERROR - HAProxy клиент 'default' не прошел health check: ipv4@192.168.1.1:7777
2025-11-17 23:23:54,724 - haproxy_controller - WARNING - Не настроено ни одного HAProxy инстанса
2025-11-17 23:23:54,724 - control_manager - INFO -   - Загружен контроллер: haproxy (HAProxyController)
2025-11-17 23:23:54,724 - control_manager - INFO - Загружено контроллеров: 2
2025-11-17 23:23:54,724 - control_manager - INFO -   - eureka
2025-11-17 23:23:54,724 - control_manager - INFO -   - haproxy
2025-11-17 23:23:54,724 - server - INFO - HTTP сервер создан на 0.0.0.0:11011
2025-11-17 23:25:13,184 - plugins.docker_client - INFO - Получено 9 контейнеров
2025-11-17 23:25:13,185 - docker_discoverer - INFO - Docker discoverer обнаружил 9 контейнеров
2025-11-17 23:25:13,185 - svc_app_discoverer - ERROR - Требуемые директории не существуют. app_root=/site/app, htdoc_root=/site/share/htdoc
2025-11-17 23:25:21,535 - plugins.docker_client - INFO - Получено 9 контейнеров
2025-11-17 23:25:21,535 - docker_discoverer - INFO - Docker discoverer обнаружил 9 контейнеров
2025-11-17 23:25:21,535 - svc_app_discoverer - ERROR - Требуемые директории не существуют. app_root=/site/app, htdoc_root=/site/share/htdoc
2025-11-17 23:25:29,042 - plugins.docker_client - INFO - Получено 9 контейнеров
2025-11-17 23:25:29,042 - docker_discoverer - INFO - Docker discoverer обнаружил 9 контейнеров
2025-11-17 23:25:29,042 - svc_app_discoverer - ERROR - Требуемые директории не существуют. app_root=/site/app, htdoc_root=/site/share/htdoc
2025-11-17 23:25:43,378 - plugins.docker_client - INFO - Получено 9 контейнеров
2025-11-17 23:25:43,378 - docker_discoverer - INFO - Docker discoverer обнаружил 9 контейнеров
2025-11-17 23:25:43,378 - svc_app_discoverer - ERROR - Требуемые директории не существуют. app_root=/site/app, htdoc_root=/site/share/htdoc
2025-11-17 23:29:07,968 - plugins.docker_client - INFO - Получено 9 контейнеров
2025-11-17 23:29:07,968 - docker_discoverer - INFO - Docker discoverer обнаружил 9 контейнеров
2025-11-17 23:29:07,968 - svc_app_discoverer - ERROR - Требуемые директории не существуют. app_root=/site/app, htdoc_root=/site/share/htdoc
2025-11-17 23:29:13,156 - plugins.docker_client - INFO - Получено 9 контейнеров
2025-11-17 23:29:13,156 - docker_discoverer - INFO - Docker discoverer обнаружил 9 контейнеров
2025-11-17 23:29:13,156 - svc_app_discoverer - ERROR - Требуемые директории не существуют. app_root=/site/app, htdoc_root=/site/share/htdoc
2025-11-17 23:29:28,494 - plugins.docker_client - INFO - Получено 9 контейнеров
2025-11-17 23:29:28,494 - docker_discoverer - INFO - Docker discoverer обнаружил 9 контейнеров
2025-11-17 23:29:28,494 - svc_app_discoverer - ERROR - Требуемые директории не существуют. app_root=/site/app, htdoc_root=/site/share/htdoc
2025-11-17 23:29:36,369 - plugins.docker_client - INFO - Получено 9 контейнеров
2025-11-17 23:29:36,369 - docker_discoverer - INFO - Docker discoverer обнаружил 9 контейнеров
2025-11-17 23:29:36,369 - svc_app_discoverer - ERROR - Требуемые директории не существуют. app_root=/site/app, htdoc_root=/site/share/htdoc
2025-11-17 23:29:45,136 - plugins.docker_client - INFO - Получено 9 контейнеров
2025-11-17 23:29:45,136 - docker_discoverer - INFO - Docker discoverer обнаружил 9 контейнеров
2025-11-17 23:29:45,136 - svc_app_discoverer - ERROR - Требуемые директории не существуют. app_root=/site/app, htdoc_root=/site/share/htdoc
2025-11-17 23:29:50,428 - plugins.docker_client - INFO - Получено 9 контейнеров
2025-11-17 23:29:50,428 - docker_discoverer - INFO - Docker discoverer обнаружил 9 контейнеров
2025-11-17 23:29:50,428 - svc_app_discoverer - ERROR - Требуемые директории не существуют. app_root=/site/app, htdoc_root=/site/share/htdoc
2025-11-17 23:30:38,280 - plugins.docker_client - INFO - Получено 9 контейнеров
2025-11-17 23:30:38,280 - docker_discoverer - INFO - Docker discoverer обнаружил 9 контейнеров
2025-11-17 23:30:38,281 - svc_app_discoverer - ERROR - Требуемые директории не существуют. app_root=/site/app, htdoc_root=/site/share/htdoc
2025-11-17 23:35:48,424 - plugins.docker_client - INFO - Получено 9 контейнеров
2025-11-17 23:35:48,424 - docker_discoverer - INFO - Docker discoverer обнаружил 9 контейнеров
2025-11-17 23:35:48,424 - svc_app_discoverer - ERROR - Требуемые директории не существуют. app_root=/site/app, htdoc_root=/site/share/htdoc
2025-11-17 23:36:48,824 - plugins.docker_client - INFO - Получено 9 контейнеров
2025-11-17 23:36:48,825 - docker_discoverer - INFO - Docker discoverer обнаружил 9 контейнеров
2025-11-17 23:36:48,825 - svc_app_discoverer - ERROR - Требуемые директории не существуют. app_root=/site/app, htdoc_root=/site/share/htdoc
2025-11-17 23:37:49,173 - plugins.docker_client - INFO - Получено 9 контейнеров
2025-11-17 23:37:49,173 - docker_discoverer - INFO - Docker discoverer обнаружил 9 контейнеров
2025-11-17 23:37:49,174 - svc_app_discoverer - ERROR - Требуемые директории не существуют. app_root=/site/app, htdoc_root=/site/share/htdoc
2025-11-17 23:38:49,475 - plugins.docker_client - INFO - Получено 9 контейнеров
2025-11-17 23:38:49,476 - docker_discoverer - INFO - Docker discoverer обнаружил 9 контейнеров
2025-11-17 23:38:49,476 - svc_app_discoverer - ERROR - Требуемые директории не существуют. app_root=/site/app, htdoc_root=/site/share/htdoc
2025-11-17 23:39:49,788 - plugins.docker_client - INFO - Получено 9 контейнеров
2025-11-17 23:39:49,789 - docker_discoverer - INFO - Docker discoverer обнаружил 9 контейнеров
2025-11-17 23:39:49,789 - svc_app_discoverer - ERROR - Требуемые директории не существуют. app_root=/site/app, htdoc_root=/site/share/htdoc
2025-11-17 23:40:50,091 - plugins.docker_client - INFO - Получено 9 контейнеров
2025-11-17 23:40:50,091 - docker_discoverer - INFO - Docker discoverer обнаружил 9 контейнеров
2025-11-17 23:40:50,091 - svc_app_discoverer - ERROR - Требуемые директории не существуют. app_root=/site/app, htdoc_root=/site/share/htdoc
2025-11-17 23:41:50,395 - plugins.docker_client - INFO - Получено 9 контейнеров
2025-11-17 23:41:50,395 - docker_discoverer - INFO - Docker discoverer обнаружил 9 контейнеров
2025-11-17 23:41:50,395 - svc_app_discoverer - ERROR - Требуемые директории не существуют. app_root=/site/app, htdoc_root=/site/share/htdoc
2025-11-17 23:42:13,353 - plugins.docker_client - INFO - Получено 9 контейнеров
2025-11-17 23:42:13,353 - docker_discoverer - INFO - Docker discoverer обнаружил 9 контейнеров
2025-11-17 23:42:13,353 - svc_app_discoverer - ERROR - Требуемые директории не существуют. app_root=/site/app, htdoc_root=/site/share/htdoc
2025-11-17 23:43:13,671 - plugins.docker_client - INFO - Получено 9 контейнеров
2025-11-17 23:43:13,671 - docker_discoverer - INFO - Docker discoverer обнаружил 9 контейнеров
2025-11-17 23:43:13,671 - svc_app_discoverer - ERROR - Требуемые директории не существуют. app_root=/site/app, htdoc_root=/site/share/htdoc
2025-11-17 23:44:13,982 - plugins.docker_client - INFO - Получено 9 контейнеров
2025-11-17 23:44:13,982 - docker_discoverer - INFO - Docker discoverer обнаружил 9 контейнеров
2025-11-17 23:44:13,982 - svc_app_discoverer - ERROR - Требуемые директории не существуют. app_root=/site/app, htdoc_root=/site/share/htdoc
2025-11-17 23:45:14,295 - plugins.docker_client - INFO - Получено 9 контейнеров
2025-11-17 23:45:14,295 - docker_discoverer - INFO - Docker discoverer обнаружил 9 контейнеров
2025-11-17 23:45:14,295 - svc_app_discoverer - ERROR - Требуемые директории не существуют. app_root=/site/app, htdoc_root=/site/share/htdoc
2025-11-17 23:46:14,604 - plugins.docker_client - INFO - Получено 9 контейнеров
2025-11-17 23:46:14,605 - docker_discoverer - INFO - Docker discoverer обнаружил 9 контейнеров
2025-11-17 23:46:14,605 - svc_app_discoverer - ERROR - Требуемые директории не существуют. app_root=/site/app, htdoc_root=/site/share/htdoc
2025-11-17 23:47:14,953 - plugins.docker_client - INFO - Получено 9 контейнеров
2025-11-17 23:47:14,953 - docker_discoverer - INFO - Docker discoverer обнаружил 9 контейнеров
2025-11-17 23:47:14,953 - svc_app_discoverer - ERROR - Требуемые директории не существуют. app_root=/site/app, htdoc_root=/site/share/htdoc
2025-11-17 23:48:15,269 - plugins.docker_client - INFO - Получено 9 контейнеров
2025-11-17 23:48:15,269 - docker_discoverer - INFO - Docker discoverer обнаружил 9 контейнеров
2025-11-17 23:48:15,269 - svc_app_discoverer - ERROR - Требуемые директории не существуют. app_root=/site/app, htdoc_root=/site/share/htdoc
2025-11-17 23:49:15,583 - plugins.docker_client - INFO - Получено 9 контейнеров
2025-11-17 23:49:15,583 - docker_discoverer - INFO - Docker discoverer обнаружил 9 контейнеров
2025-11-17 23:49:15,583 - svc_app_discoverer - ERROR - Требуемые директории не существуют. app_root=/site/app, htdoc_root=/site/share/htdoc
2025-11-17 23:50:15,886 - plugins.docker_client - INFO - Получено 9 контейнеров
2025-11-17 23:50:15,886 - docker_discoverer - INFO - Docker discoverer обнаружил 9 контейнеров
2025-11-17 23:50:15,886 - svc_app_discoverer - ERROR - Требуемые директории не существуют. app_root=/site/app, htdoc_root=/site/share/htdoc
2025-11-17 23:51:16,207 - plugins.docker_client - INFO - Получено 9 контейнеров
2025-11-17 23:51:16,208 - docker_discoverer - INFO - Docker discoverer обнаружил 9 контейнеров
2025-11-17 23:51:16,208 - svc_app_discoverer - ERROR - Требуемые директории не существуют. app_root=/site/app, htdoc_root=/site/share/htdoc
2025-11-17 23:52:16,519 - plugins.docker_client - INFO - Получено 9 контейнеров
2025-11-17 23:52:16,519 - docker_discoverer - INFO - Docker discoverer обнаружил 9 контейнеров
2025-11-17 23:52:16,520 - svc_app_discoverer - ERROR - Требуемые директории не существуют. app_root=/site/app, htdoc_root=/site/share/htdoc
2025-11-17 23:53:16,846 - plugins.docker_client - INFO - Получено 9 контейнеров
2025-11-17 23:53:16,847 - docker_discoverer - INFO - Docker discoverer обнаружил 9 контейнеров
2025-11-17 23:53:16,847 - svc_app_discoverer - ERROR - Требуемые директории не существуют. app_root=/site/app, htdoc_root=/site/share/htdoc
2025-11-17 23:54:17,164 - plugins.docker_client - INFO - Получено 9 контейнеров
2025-11-17 23:54:17,164 - docker_discoverer - INFO - Docker discoverer обнаружил 9 контейнеров
2025-11-17 23:54:17,164 - svc_app_discoverer - ERROR - Требуемые директории не существуют. app_root=/site/app, htdoc_root=/site/share/htdoc
2025-11-17 23:55:17,551 - plugins.docker_client - INFO - Получено 9 контейнеров
2025-11-17 23:55:17,551 - docker_discoverer - INFO - Docker discoverer обнаружил 9 контейнеров
2025-11-17 23:55:17,551 - svc_app_discoverer - ERROR - Требуемые директории не существуют. app_root=/site/app, htdoc_root=/site/share/htdoc
2025-11-17 23:56:17,902 - plugins.docker_client - INFO - Получено 9 контейнеров
2025-11-17 23:56:17,902 - docker_discoverer - INFO - Docker discoverer обнаружил 9 контейнеров
2025-11-17 23:56:17,902 - svc_app_discoverer - ERROR - Требуемые директории не существуют. app_root=/site/app, htdoc_root=/site/share/htdoc
2025-11-17 23:57:18,224 - plugins.docker_client - INFO - Получено 9 контейнеров
2025-11-17 23:57:18,224 - docker_discoverer - INFO - Docker discoverer обнаружил 9 контейнеров
2025-11-17 23:57:18,224 - svc_app_discoverer - ERROR - Требуемые директории не существуют. app_root=/site/app, htdoc_root=/site/share/htdoc
2025-11-17 23:58:18,543 - plugins.docker_client - INFO - Получено 9 контейнеров
2025-11-17 23:58:18,544 - docker_discoverer - INFO - Docker discoverer обнаружил 9 контейнеров
2025-11-17 23:58:18,544 - svc_app_discoverer - ERROR - Требуемые директории не существуют. app_root=/site/app, htdoc_root=/site/share/htdoc
2025-11-17 23:59:18,900 - plugins.docker_client - INFO - Получено 9 контейнеров
2025-11-17 23:59:18,900 - docker_discoverer - INFO - Docker discoverer обнаружил 9 контейнеров
2025-11-17 23:59:18,900 - svc_app_discoverer - ERROR - Требуемые директории не существуют. app_root=/site/app, htdoc_root=/site/share/htdoc
2025-11-18 00:00:19,216 - plugins.docker_client - INFO - Получено 9 контейнеров
2025-11-18 00:00:19,217 - docker_discoverer - INFO - Docker discoverer обнаружил 9 контейнеров
2025-11-18 00:00:19,217 - svc_app_discoverer - ERROR - Требуемые директории не существуют. app_root=/site/app, htdoc_root=/site/share/htdoc
2025-11-18 00:01:19,531 - plugins.docker_client - INFO - Получено 9 контейнеров
2025-11-18 00:01:19,531 - docker_discoverer - INFO - Docker discoverer обнаружил 9 контейнеров
2025-11-18 00:01:19,531 - svc_app_discoverer - ERROR - Требуемые директории не существуют. app_root=/site/app, htdoc_root=/site/share/htdoc
2025-11-18 00:02:19,847 - plugins.docker_client - INFO - Получено 9 контейнеров
2025-11-18 00:02:19,847 - docker_discoverer - INFO - Docker discoverer обнаружил 9 контейнеров
2025-11-18 00:02:19,847 - svc_app_discoverer - ERROR - Требуемые директории не существуют. app_root=/site/app, htdoc_root=/site/share/htdoc
2025-11-18 00:03:20,161 - plugins.docker_client - INFO - Получено 9 контейнеров
2025-11-18 00:03:20,161 - docker_discoverer - INFO - Docker discoverer обнаружил 9 контейнеров
2025-11-18 00:03:20,161 - svc_app_discoverer - ERROR - Требуемые директории не существуют. app_root=/site/app, htdoc_root=/site/share/htdoc
2025-11-18 00:04:20,477 - plugins.docker_client - INFO - Получено 9 контейнеров
2025-11-18 00:04:20,477 - docker_discoverer - INFO - Docker discoverer обнаружил 9 контейнеров
2025-11-18 00:04:20,478 - svc_app_discoverer - ERROR - Требуемые директории не существуют. app_root=/site/app, htdoc_root=/site/share/htdoc
2025-11-18 00:05:20,802 - plugins.docker_client - INFO - Получено 9 контейнеров
2025-11-18 00:05:20,802 - docker_discoverer - INFO - Docker discoverer обнаружил 9 контейнеров
2025-11-18 00:05:20,802 - svc_app_discoverer - ERROR - Требуемые директории не существуют. app_root=/site/app, htdoc_root=/site/share/htdoc
2025-11-18 00:06:21,108 - plugins.docker_client - INFO - Получено 9 контейнеров
2025-11-18 00:06:21,108 - docker_discoverer - INFO - Docker discoverer обнаружил 9 контейнеров
2025-11-18 00:06:21,108 - svc_app_discoverer - ERROR - Требуемые директории не существуют. app_root=/site/app, htdoc_root=/site/share/htdoc
2025-11-18 00:07:21,419 - plugins.docker_client - INFO - Получено 9 контейнеров
2025-11-18 00:07:21,419 - docker_discoverer - INFO - Docker discoverer обнаружил 9 контейнеров
2025-11-18 00:07:21,419 - svc_app_discoverer - ERROR - Требуемые директории не существуют. app_root=/site/app, htdoc_root=/site/share/htdoc
2025-11-18 00:08:21,725 - plugins.docker_client - INFO - Получено 9 контейнеров
2025-11-18 00:08:21,725 - docker_discoverer - INFO - Docker discoverer обнаружил 9 контейнеров
2025-11-18 00:08:21,725 - svc_app_discoverer - ERROR - Требуемые директории не существуют. app_root=/site/app, htdoc_root=/site/share/htdoc
2025-11-18 00:09:22,078 - plugins.docker_client - INFO - Получено 9 контейнеров
2025-11-18 00:09:22,079 - docker_discoverer - INFO - Docker discoverer обнаружил 9 контейнеров
2025-11-18 00:09:22,079 - svc_app_discoverer - ERROR - Требуемые директории не существуют. app_root=/site/app, htdoc_root=/site/share/htdoc
2025-11-18 00:10:22,371 - plugins.docker_client - INFO - Получено 9 контейнеров
2025-11-18 00:10:22,371 - docker_discoverer - INFO - Docker discoverer обнаружил 9 контейнеров
2025-11-18 00:10:22,371 - svc_app_discoverer - ERROR - Требуемые директории не существуют. app_root=/site/app, htdoc_root=/site/share/htdoc
2025-11-18 00:11:22,678 - plugins.docker_client - INFO - Получено 9 контейнеров
2025-11-18 00:11:22,678 - docker_discoverer - INFO - Docker discoverer обнаружил 9 контейнеров
2025-11-18 00:11:22,678 - svc_app_discoverer - ERROR - Требуемые директории не существуют. app_root=/site/app, htdoc_root=/site/share/htdoc
2025-11-18 00:12:22,986 - plugins.docker_client - INFO - Получено 9 контейнеров
2025-11-18 00:12:22,987 - docker_discoverer - INFO - Docker discoverer обнаружил 9 контейнеров
2025-11-18 00:12:22,987 - svc_app_discoverer - ERROR - Требуемые директории не существуют. app_root=/site/app, htdoc_root=/site/share/htdoc
2025-11-18 00:13:23,286 - plugins.docker_client - INFO - Получено 9 контейнеров
2025-11-18 00:13:23,286 - docker_discoverer - INFO - Docker discoverer обнаружил 9 контейнеров
2025-11-18 00:13:23,286 - svc_app_discoverer - ERROR - Требуемые директории не существуют. app_root=/site/app, htdoc_root=/site/share/htdoc
2025-11-18 00:14:23,588 - plugins.docker_client - INFO - Получено 9 контейнеров
2025-11-18 00:14:23,588 - docker_discoverer - INFO - Docker discoverer обнаружил 9 контейнеров
2025-11-18 00:14:23,588 - svc_app_discoverer - ERROR - Требуемые директории не существуют. app_root=/site/app, htdoc_root=/site/share/htdoc
2025-11-18 00:15:23,891 - plugins.docker_client - INFO - Получено 9 контейнеров
2025-11-18 00:15:23,891 - docker_discoverer - INFO - Docker discoverer обнаружил 9 контейнеров
2025-11-18 00:15:23,891 - svc_app_discoverer - ERROR - Требуемые директории не существуют. app_root=/site/app, htdoc_root=/site/share/htdoc
2025-11-18 00:16:24,191 - plugins.docker_client - INFO - Получено 9 контейнеров
2025-11-18 00:16:24,191 - docker_discoverer - INFO - Docker discoverer обнаружил 9 контейнеров
2025-11-18 00:16:24,191 - svc_app_discoverer - ERROR - Требуемые директории не существуют. app_root=/site/app, htdoc_root=/site/share/htdoc
2025-11-18 00:17:24,502 - plugins.docker_client - INFO - Получено 9 контейнеров
2025-11-18 00:17:24,502 - docker_discoverer - INFO - Docker discoverer обнаружил 9 контейнеров
2025-11-18 00:17:24,502 - svc_app_discoverer - ERROR - Требуемые директории не существуют. app_root=/site/app, htdoc_root=/site/share/htdoc
2025-11-18 00:18:24,803 - plugins.docker_client - INFO - Получено 9 контейнеров
2025-11-18 00:18:24,803 - docker_discoverer - INFO - Docker discoverer обнаружил 9 контейнеров
2025-11-18 00:18:24,803 - svc_app_discoverer - ERROR - Требуемые директории не существуют. app_root=/site/app, htdoc_root=/site/share/htdoc
2025-11-18 00:19:25,118 - plugins.docker_client - INFO - Получено 9 контейнеров
2025-11-18 00:19:25,118 - docker_discoverer - INFO - Docker discoverer обнаружил 9 контейнеров
2025-11-18 00:19:25,118 - svc_app_discoverer - ERROR - Требуемые директории не существуют. app_root=/site/app, htdoc_root=/site/share/htdoc
2025-11-18 00:20:25,435 - plugins.docker_client - INFO - Получено 9 контейнеров
2025-11-18 00:20:25,435 - docker_discoverer - INFO - Docker discoverer обнаружил 9 контейнеров
2025-11-18 00:20:25,435 - svc_app_discoverer - ERROR - Требуемые директории не существуют. app_root=/site/app, htdoc_root=/site/share/htdoc
2025-11-18 00:21:25,755 - plugins.docker_client - INFO - Получено 9 контейнеров
2025-11-18 00:21:25,755 - docker_discoverer - INFO - Docker discoverer обнаружил 9 контейнеров
2025-11-18 00:21:25,755 - svc_app_discoverer - ERROR - Требуемые директории не существуют. app_root=/site/app, htdoc_root=/site/share/htdoc
2025-11-18 00:21:51,859 - plugins.docker_client - INFO - Получено 9 контейнеров
2025-11-18 00:21:51,859 - docker_discoverer - INFO - Docker discoverer обнаружил 9 контейнеров
2025-11-18 00:21:51,859 - svc_app_discoverer - ERROR - Требуемые директории не существуют. app_root=/site/app, htdoc_root=/site/share/htdoc
2025-11-18 00:22:52,205 - plugins.docker_client - INFO - Получено 9 контейнеров
2025-11-18 00:22:52,205 - docker_discoverer - INFO - Docker discoverer обнаружил 9 контейнеров
2025-11-18 00:22:52,206 - svc_app_discoverer - ERROR - Требуемые директории не существуют. app_root=/site/app, htdoc_root=/site/share/htdoc
2025-11-18 00:23:52,524 - plugins.docker_client - INFO - Получено 9 контейнеров
2025-11-18 00:23:52,524 - docker_discoverer - INFO - Docker discoverer обнаружил 9 контейнеров
2025-11-18 00:23:52,524 - svc_app_discoverer - ERROR - Требуемые директории не существуют. app_root=/site/app, htdoc_root=/site/share/htdoc
2025-11-18 00:24:52,837 - plugins.docker_client - INFO - Получено 9 контейнеров
2025-11-18 00:24:52,837 - docker_discoverer - INFO - Docker discoverer обнаружил 9 контейнеров
2025-11-18 00:24:52,838 - svc_app_discoverer - ERROR - Требуемые директории не существуют. app_root=/site/app, htdoc_root=/site/share/htdoc
2025-11-18 00:25:53,146 - plugins.docker_client - INFO - Получено 9 контейнеров
2025-11-18 00:25:53,146 - docker_discoverer - INFO - Docker discoverer обнаружил 9 контейнеров
2025-11-18 00:25:53,146 - svc_app_discoverer - ERROR - Требуемые директории не существуют. app_root=/site/app, htdoc_root=/site/share/htdoc
2025-11-18 00:26:53,456 - plugins.docker_client - INFO - Получено 9 контейнеров
2025-11-18 00:26:53,456 - docker_discoverer - INFO - Docker discoverer обнаружил 9 контейнеров
2025-11-18 00:26:53,456 - svc_app_discoverer - ERROR - Требуемые директории не существуют. app_root=/site/app, htdoc_root=/site/share/htdoc
2025-11-18 00:27:53,767 - plugins.docker_client - INFO - Получено 9 контейнеров
2025-11-18 00:27:53,767 - docker_discoverer - INFO - Docker discoverer обнаружил 9 контейнеров
2025-11-18 00:27:53,767 - svc_app_discoverer - ERROR - Требуемые директории не существуют. app_root=/site/app, htdoc_root=/site/share/htdoc
2025-11-18 00:28:54,071 - plugins.docker_client - INFO - Получено 9 контейнеров
2025-11-18 00:28:54,071 - docker_discoverer - INFO - Docker discoverer обнаружил 9 контейнеров
2025-11-18 00:28:54,071 - svc_app_discoverer - ERROR - Требуемые директории не существуют. app_root=/site/app, htdoc_root=/site/share/htdoc
2025-11-18 00:29:54,379 - plugins.docker_client - INFO - Получено 9 контейнеров
2025-11-18 00:29:54,380 - docker_discoverer - INFO - Docker discoverer обнаружил 9 контейнеров
2025-11-18 00:29:54,380 - svc_app_discoverer - ERROR - Требуемые директории не существуют. app_root=/site/app, htdoc_root=/site/share/htdoc
2025-11-18 00:30:54,688 - plugins.docker_client - INFO - Получено 9 контейнеров
2025-11-18 00:30:54,688 - docker_discoverer - INFO - Docker discoverer обнаружил 9 контейнеров
2025-11-18 00:30:54,688 - svc_app_discoverer - ERROR - Требуемые директории не существуют. app_root=/site/app, htdoc_root=/site/share/htdoc
2025-11-18 00:31:54,993 - plugins.docker_client - INFO - Получено 9 контейнеров
2025-11-18 00:31:54,994 - docker_discoverer - INFO - Docker discoverer обнаружил 9 контейнеров
2025-11-18 00:31:54,994 - svc_app_discoverer - ERROR - Требуемые директории не существуют. app_root=/site/app, htdoc_root=/site/share/htdoc
2025-11-18 00:32:55,298 - plugins.docker_client - INFO - Получено 9 контейнеров
2025-11-18 00:32:55,298 - docker_discoverer - INFO - Docker discoverer обнаружил 9 контейнеров
2025-11-18 00:32:55,298 - svc_app_discoverer - ERROR - Требуемые директории не существуют. app_root=/site/app, htdoc_root=/site/share/htdoc
2025-11-18 00:33:55,612 - plugins.docker_client - INFO - Получено 9 контейнеров
2025-11-18 00:33:55,612 - docker_discoverer - INFO - Docker discoverer обнаружил 9 контейнеров
2025-11-18 00:33:55,612 - svc_app_discoverer - ERROR - Требуемые директории не существуют. app_root=/site/app, htdoc_root=/site/share/htdoc
2025-11-18 00:34:55,923 - plugins.docker_client - INFO - Получено 9 контейнеров
2025-11-18 00:34:55,923 - docker_discoverer - INFO - Docker discoverer обнаружил 9 контейнеров
2025-11-18 00:34:55,923 - svc_app_discoverer - ERROR - Требуемые директории не существуют. app_root=/site/app, htdoc_root=/site/share/htdoc
2025-11-18 00:35:56,251 - plugins.docker_client - INFO - Получено 9 контейнеров
2025-11-18 00:35:56,251 - docker_discoverer - INFO - Docker discoverer обнаружил 9 контейнеров
2025-11-18 00:35:56,251 - svc_app_discoverer - ERROR - Требуемые директории не существуют. app_root=/site/app, htdoc_root=/site/share/htdoc
2025-11-18 00:36:56,560 - plugins.docker_client - INFO - Получено 9 контейнеров
2025-11-18 00:36:56,560 - docker_discoverer - INFO - Docker discoverer обнаружил 9 контейнеров
2025-11-18 00:36:56,560 - svc_app_discoverer - ERROR - Требуемые директории не существуют. app_root=/site/app, htdoc_root=/site/share/htdoc
2025-11-18 00:37:56,873 - plugins.docker_client - INFO - Получено 9 контейнеров
2025-11-18 00:37:56,874 - docker_discoverer - INFO - Docker discoverer обнаружил 9 контейнеров
2025-11-18 00:37:56,874 - svc_app_discoverer - ERROR - Требуемые директории не существуют. app_root=/site/app, htdoc_root=/site/share/htdoc
2025-11-18 00:38:57,190 - plugins.docker_client - INFO - Получено 9 контейнеров
2025-11-18 00:38:57,190 - docker_discoverer - INFO - Docker discoverer обнаружил 9 контейнеров
2025-11-18 00:38:57,190 - svc_app_discoverer - ERROR - Требуемые директории не существуют. app_root=/site/app, htdoc_root=/site/share/htdoc
2025-11-18 00:39:57,501 - plugins.docker_client - INFO - Получено 9 контейнеров
2025-11-18 00:39:57,501 - docker_discoverer - INFO - Docker discoverer обнаружил 9 контейнеров
2025-11-18 00:39:57,502 - svc_app_discoverer - ERROR - Требуемые директории не существуют. app_root=/site/app, htdoc_root=/site/share/htdoc
2025-11-18 00:40:57,817 - plugins.docker_client - INFO - Получено 9 контейнеров
2025-11-18 00:40:57,817 - docker_discoverer - INFO - Docker discoverer обнаружил 9 контейнеров
2025-11-18 00:40:57,817 - svc_app_discoverer - ERROR - Требуемые директории не существуют. app_root=/site/app, htdoc_root=/site/share/htdoc
2025-11-18 00:41:58,135 - plugins.docker_client - INFO - Получено 9 контейнеров
2025-11-18 00:41:58,135 - docker_discoverer - INFO - Docker discoverer обнаружил 9 контейнеров
2025-11-18 00:41:58,135 - svc_app_discoverer - ERROR - Требуемые директории не существуют. app_root=/site/app, htdoc_root=/site/share/htdoc
2025-11-18 00:42:58,473 - plugins.docker_client - INFO - Получено 9 контейнеров
2025-11-18 00:42:58,473 - docker_discoverer - INFO - Docker discoverer обнаружил 9 контейнеров
2025-11-18 00:42:58,473 - svc_app_discoverer - ERROR - Требуемые директории не существуют. app_root=/site/app, htdoc_root=/site/share/htdoc
2025-11-18 00:43:58,789 - plugins.docker_client - INFO - Получено 9 контейнеров
2025-11-18 00:43:58,790 - docker_discoverer - INFO - Docker discoverer обнаружил 9 контейнеров
2025-11-18 00:43:58,790 - svc_app_discoverer - ERROR - Требуемые директории не существуют. app_root=/site/app, htdoc_root=/site/share/htdoc
2025-11-18 00:44:59,113 - plugins.docker_client - INFO - Получено 9 контейнеров
2025-11-18 00:44:59,113 - docker_discoverer - INFO - Docker discoverer обнаружил 9 контейнеров
2025-11-18 00:44:59,113 - svc_app_discoverer - ERROR - Требуемые директории не существуют. app_root=/site/app, htdoc_root=/site/share/htdoc
2025-11-18 00:45:59,429 - plugins.docker_client - INFO - Получено 9 контейнеров
2025-11-18 00:45:59,429 - docker_discoverer - INFO - Docker discoverer обнаружил 9 контейнеров
2025-11-18 00:45:59,429 - svc_app_discoverer - ERROR - Требуемые директории не существуют. app_root=/site/app, htdoc_root=/site/share/htdoc
2025-11-18 00:46:59,734 - plugins.docker_client - INFO - Получено 9 контейнеров
2025-11-18 00:46:59,734 - docker_discoverer - INFO - Docker discoverer обнаружил 9 контейнеров
2025-11-18 00:46:59,734 - svc_app_discoverer - ERROR - Требуемые директории не существуют. app_root=/site/app, htdoc_root=/site/share/htdoc
2025-11-18 00:48:00,043 - plugins.docker_client - INFO - Получено 9 контейнеров
2025-11-18 00:48:00,043 - docker_discoverer - INFO - Docker discoverer обнаружил 9 контейнеров
2025-11-18 00:48:00,043 - svc_app_discoverer - ERROR - Требуемые директории не существуют. app_root=/site/app, htdoc_root=/site/share/htdoc
2025-11-18 00:49:00,396 - plugins.docker_client - INFO - Получено 9 контейнеров
2025-11-18 00:49:00,397 - docker_discoverer - INFO - Docker discoverer обнаружил 9 контейнеров
2025-11-18 00:49:00,397 - svc_app_discoverer - ERROR - Требуемые директории не существуют. app_root=/site/app, htdoc_root=/site/share/htdoc
2025-11-18 00:50:00,906 - plugins.docker_client - INFO - Получено 9 контейнеров
2025-11-18 00:50:00,907 - docker_discoverer - INFO - Docker discoverer обнаружил 9 контейнеров
2025-11-18 00:50:00,907 - svc_app_discoverer - ERROR - Требуемые директории не существуют. app_root=/site/app, htdoc_root=/site/share/htdoc
2025-11-18 00:51:01,219 - plugins.docker_client - INFO - Получено 9 контейнеров
2025-11-18 00:51:01,219 - docker_discoverer - INFO - Docker discoverer обнаружил 9 контейнеров
2025-11-18 00:51:01,219 - svc_app_discoverer - ERROR - Требуемые директории не существуют. app_root=/site/app, htdoc_root=/site/share/htdoc
2025-11-18 00:52:01,527 - plugins.docker_client - INFO - Получено 9 контейнеров
2025-11-18 00:52:01,528 - docker_discoverer - INFO - Docker discoverer обнаружил 9 контейнеров
2025-11-18 00:52:01,528 - svc_app_discoverer - ERROR - Требуемые директории не существуют. app_root=/site/app, htdoc_root=/site/share/htdoc
2025-11-18 00:53:01,829 - plugins.docker_client - INFO - Получено 9 контейнеров
2025-11-18 00:53:01,829 - docker_discoverer - INFO - Docker discoverer обнаружил 9 контейнеров
2025-11-18 00:53:01,829 - svc_app_discoverer - ERROR - Требуемые директории не существуют. app_root=/site/app, htdoc_root=/site/share/htdoc
2025-11-18 00:54:02,135 - plugins.docker_client - INFO - Получено 9 контейнеров
2025-11-18 00:54:02,135 - docker_discoverer - INFO - Docker discoverer обнаружил 9 контейнеров
2025-11-18 00:54:02,135 - svc_app_discoverer - ERROR - Требуемые директории не существуют. app_root=/site/app, htdoc_root=/site/share/htdoc
2025-11-18 00:55:02,439 - plugins.docker_client - INFO - Получено 9 контейнеров
2025-11-18 00:55:02,440 - docker_discoverer - INFO - Docker discoverer обнаружил 9 контейнеров
2025-11-18 00:55:02,440 - svc_app_discoverer - ERROR - Требуемые директории не существуют. app_root=/site/app, htdoc_root=/site/share/htdoc
2025-11-18 00:56:02,737 - plugins.docker_client - INFO - Получено 9 контейнеров
2025-11-18 00:56:02,737 - docker_discoverer - INFO - Docker discoverer обнаружил 9 контейнеров
2025-11-18 00:56:02,738 - svc_app_discoverer - ERROR - Требуемые директории не существуют. app_root=/site/app, htdoc_root=/site/share/htdoc
2025-11-18 00:57:03,045 - plugins.docker_client - INFO - Получено 9 контейнеров
2025-11-18 00:57:03,045 - docker_discoverer - INFO - Docker discoverer обнаружил 9 контейнеров
2025-11-18 00:57:03,045 - svc_app_discoverer - ERROR - Требуемые директории не существуют. app_root=/site/app, htdoc_root=/site/share/htdoc
2025-11-18 00:58:00,312 - plugins.docker_client - INFO - Получено 9 контейнеров
2025-11-18 00:58:00,313 - docker_discoverer - INFO - Docker discoverer обнаружил 9 контейнеров
2025-11-18 00:58:00,313 - svc_app_discoverer - ERROR - Требуемые директории не существуют. app_root=/site/app, htdoc_root=/site/share/htdoc
2025-11-18 00:58:03,395 - plugins.docker_client - INFO - Получено 9 контейнеров
2025-11-18 00:58:03,395 - docker_discoverer - INFO - Docker discoverer обнаружил 9 контейнеров
2025-11-18 00:58:03,395 - svc_app_discoverer - ERROR - Требуемые директории не существуют. app_root=/site/app, htdoc_root=/site/share/htdoc
2025-11-18 00:59:02,810 - plugins.docker_client - INFO - Получено 9 контейнеров
2025-11-18 00:59:02,811 - docker_discoverer - INFO - Docker discoverer обнаружил 9 контейнеров
2025-11-18 00:59:02,811 - svc_app_discoverer - ERROR - Требуемые директории не существуют. app_root=/site/app, htdoc_root=/site/share/htdoc
2025-11-18 01:00:03,158 - plugins.docker_client - INFO - Получено 9 контейнеров
2025-11-18 01:00:03,158 - docker_discoverer - INFO - Docker discoverer обнаружил 9 контейнеров
2025-11-18 01:00:03,158 - svc_app_discoverer - ERROR - Требуемые директории не существуют. app_root=/site/app, htdoc_root=/site/share/htdoc
2025-11-18 01:01:03,473 - plugins.docker_client - INFO - Получено 9 контейнеров
2025-11-18 01:01:03,474 - docker_discoverer - INFO - Docker discoverer обнаружил 9 контейнеров
2025-11-18 01:01:03,474 - svc_app_discoverer - ERROR - Требуемые директории не существуют. app_root=/site/app, htdoc_root=/site/share/htdoc
2025-11-18 01:02:03,923 - plugins.docker_client - INFO - Получено 9 контейнеров
2025-11-18 01:02:03,923 - docker_discoverer - INFO - Docker discoverer обнаружил 9 контейнеров
2025-11-18 01:02:03,923 - svc_app_discoverer - ERROR - Требуемые директории не существуют. app_root=/site/app, htdoc_root=/site/share/htdoc
2025-11-18 01:03:04,262 - plugins.docker_client - INFO - Получено 9 контейнеров
2025-11-18 01:03:04,262 - docker_discoverer - INFO - Docker discoverer обнаружил 9 контейнеров
2025-11-18 01:03:04,262 - svc_app_discoverer - ERROR - Требуемые директории не существуют. app_root=/site/app, htdoc_root=/site/share/htdoc
2025-11-18 01:04:04,577 - plugins.docker_client - INFO - Получено 9 контейнеров
2025-11-18 01:04:04,577 - docker_discoverer - INFO - Docker discoverer обнаружил 9 контейнеров
2025-11-18 01:04:04,577 - svc_app_discoverer - ERROR - Требуемые директории не существуют. app_root=/site/app, htdoc_root=/site/share/htdoc
2025-11-18 01:05:04,894 - plugins.docker_client - INFO - Получено 9 контейнеров
2025-11-18 01:05:04,894 - docker_discoverer - INFO - Docker discoverer обнаружил 9 контейнеров
2025-11-18 01:05:04,894 - svc_app_discoverer - ERROR - Требуемые директории не существуют. app_root=/site/app, htdoc_root=/site/share/htdoc
2025-11-18 01:06:05,211 - plugins.docker_client - INFO - Получено 9 контейнеров
2025-11-18 01:06:05,211 - docker_discoverer - INFO - Docker discoverer обнаружил 9 контейнеров
2025-11-18 01:06:05,211 - svc_app_discoverer - ERROR - Требуемые директории не существуют. app_root=/site/app, htdoc_root=/site/share/htdoc
2025-11-18 01:07:05,518 - plugins.docker_client - INFO - Получено 9 контейнеров
2025-11-18 01:07:05,519 - docker_discoverer - INFO - Docker discoverer обнаружил 9 контейнеров
2025-11-18 01:07:05,519 - svc_app_discoverer - ERROR - Требуемые директории не существуют. app_root=/site/app, htdoc_root=/site/share/htdoc
2025-11-18 01:08:05,828 - plugins.docker_client - INFO - Получено 9 контейнеров
2025-11-18 01:08:05,828 - docker_discoverer - INFO - Docker discoverer обнаружил 9 контейнеров
2025-11-18 01:08:05,828 - svc_app_discoverer - ERROR - Требуемые директории не существуют. app_root=/site/app, htdoc_root=/site/share/htdoc
2025-11-18 01:09:06,137 - plugins.docker_client - INFO - Получено 9 контейнеров
2025-11-18 01:09:06,137 - docker_discoverer - INFO - Docker discoverer обнаружил 9 контейнеров
2025-11-18 01:09:06,137 - svc_app_discoverer - ERROR - Требуемые директории не существуют. app_root=/site/app, htdoc_root=/site/share/htdoc
2025-11-18 01:10:06,449 - plugins.docker_client - INFO - Получено 9 контейнеров
2025-11-18 01:10:06,449 - docker_discoverer - INFO - Docker discoverer обнаружил 9 контейнеров
2025-11-18 01:10:06,449 - svc_app_discoverer - ERROR - Требуемые директории не существуют. app_root=/site/app, htdoc_root=/site/share/htdoc
2025-11-18 01:11:06,763 - plugins.docker_client - INFO - Получено 9 контейнеров
2025-11-18 01:11:06,763 - docker_discoverer - INFO - Docker discoverer обнаружил 9 контейнеров
2025-11-18 01:11:06,763 - svc_app_discoverer - ERROR - Требуемые директории не существуют. app_root=/site/app, htdoc_root=/site/share/htdoc
2025-11-18 01:12:07,078 - plugins.docker_client - INFO - Получено 9 контейнеров
2025-11-18 01:12:07,078 - docker_discoverer - INFO - Docker discoverer обнаружил 9 контейнеров
2025-11-18 01:12:07,079 - svc_app_discoverer - ERROR - Требуемые директории не существуют. app_root=/site/app, htdoc_root=/site/share/htdoc
2025-11-18 01:13:07,388 - plugins.docker_client - INFO - Получено 9 контейнеров
2025-11-18 01:13:07,388 - docker_discoverer - INFO - Docker discoverer обнаружил 9 контейнеров
2025-11-18 01:13:07,388 - svc_app_discoverer - ERROR - Требуемые директории не существуют. app_root=/site/app, htdoc_root=/site/share/htdoc
2025-11-18 01:14:07,697 - plugins.docker_client - INFO - Получено 9 контейнеров
2025-11-18 01:14:07,697 - docker_discoverer - INFO - Docker discoverer обнаружил 9 контейнеров
2025-11-18 01:14:07,697 - svc_app_discoverer - ERROR - Требуемые директории не существуют. app_root=/site/app, htdoc_root=/site/share/htdoc
2025-11-18 01:15:08,677 - plugins.docker_client - INFO - Получено 9 контейнеров
2025-11-18 01:15:08,678 - docker_discoverer - INFO - Docker discoverer обнаружил 9 контейнеров
2025-11-18 01:15:08,678 - svc_app_discoverer - ERROR - Требуемые директории не существуют. app_root=/site/app, htdoc_root=/site/share/htdoc
2025-11-18 01:16:09,605 - plugins.docker_client - INFO - Получено 9 контейнеров
2025-11-18 01:16:09,605 - docker_discoverer - INFO - Docker discoverer обнаружил 9 контейнеров
2025-11-18 01:16:09,605 - svc_app_discoverer - ERROR - Требуемые директории не существуют. app_root=/site/app, htdoc_root=/site/share/htdoc
2025-11-18 01:17:09,918 - plugins.docker_client - INFO - Получено 9 контейнеров
2025-11-18 01:17:09,918 - docker_discoverer - INFO - Docker discoverer обнаружил 9 контейнеров
2025-11-18 01:17:09,918 - svc_app_discoverer - ERROR - Требуемые директории не существуют. app_root=/site/app, htdoc_root=/site/share/htdoc
2025-11-18 01:18:10,226 - plugins.docker_client - INFO - Получено 9 контейнеров
2025-11-18 01:18:10,227 - docker_discoverer - INFO - Docker discoverer обнаружил 9 контейнеров
2025-11-18 01:18:10,227 - svc_app_discoverer - ERROR - Требуемые директории не существуют. app_root=/site/app, htdoc_root=/site/share/htdoc
2025-11-18 01:19:10,540 - plugins.docker_client - INFO - Получено 9 контейнеров
2025-11-18 01:19:10,541 - docker_discoverer - INFO - Docker discoverer обнаружил 9 контейнеров
2025-11-18 01:19:10,541 - svc_app_discoverer - ERROR - Требуемые директории не существуют. app_root=/site/app, htdoc_root=/site/share/htdoc
2025-11-18 01:20:10,879 - plugins.docker_client - INFO - Получено 9 контейнеров
2025-11-18 01:20:10,879 - docker_discoverer - INFO - Docker discoverer обнаружил 9 контейнеров
2025-11-18 01:20:10,879 - svc_app_discoverer - ERROR - Требуемые директории не существуют. app_root=/site/app, htdoc_root=/site/share/htdoc
2025-11-18 01:21:11,190 - plugins.docker_client - INFO - Получено 9 контейнеров
2025-11-18 01:21:11,190 - docker_discoverer - INFO - Docker discoverer обнаружил 9 контейнеров
2025-11-18 01:21:11,190 - svc_app_discoverer - ERROR - Требуемые директории не существуют. app_root=/site/app, htdoc_root=/site/share/htdoc
2025-11-18 01:22:11,499 - plugins.docker_client - INFO - Получено 9 контейнеров
2025-11-18 01:22:11,499 - docker_discoverer - INFO - Docker discoverer обнаружил 9 контейнеров
2025-11-18 01:22:11,499 - svc_app_discoverer - ERROR - Требуемые директории не существуют. app_root=/site/app, htdoc_root=/site/share/htdoc
2025-11-18 01:23:11,820 - plugins.docker_client - INFO - Получено 9 контейнеров
2025-11-18 01:23:11,820 - docker_discoverer - INFO - Docker discoverer обнаружил 9 контейнеров
2025-11-18 01:23:11,820 - svc_app_discoverer - ERROR - Требуемые директории не существуют. app_root=/site/app, htdoc_root=/site/share/htdoc
2025-11-18 01:24:12,140 - plugins.docker_client - INFO - Получено 9 контейнеров
2025-11-18 01:24:12,140 - docker_discoverer - INFO - Docker discoverer обнаружил 9 контейнеров
2025-11-18 01:24:12,140 - svc_app_discoverer - ERROR - Требуемые директории не существуют. app_root=/site/app, htdoc_root=/site/share/htdoc
2025-11-18 01:25:12,453 - plugins.docker_client - INFO - Получено 9 контейнеров
2025-11-18 01:25:12,453 - docker_discoverer - INFO - Docker discoverer обнаружил 9 контейнеров
2025-11-18 01:25:12,453 - svc_app_discoverer - ERROR - Требуемые директории не существуют. app_root=/site/app, htdoc_root=/site/share/htdoc
2025-11-18 01:26:12,793 - plugins.docker_client - INFO - Получено 9 контейнеров
2025-11-18 01:26:12,793 - docker_discoverer - INFO - Docker discoverer обнаружил 9 контейнеров
2025-11-18 01:26:12,793 - svc_app_discoverer - ERROR - Требуемые директории не существуют. app_root=/site/app, htdoc_root=/site/share/htdoc
2025-11-18 01:27:13,103 - plugins.docker_client - INFO - Получено 9 контейнеров
2025-11-18 01:27:13,103 - docker_discoverer - INFO - Docker discoverer обнаружил 9 контейнеров
2025-11-18 01:27:13,103 - svc_app_discoverer - ERROR - Требуемые директории не существуют. app_root=/site/app, htdoc_root=/site/share/htdoc
2025-11-18 01:28:13,409 - plugins.docker_client - INFO - Получено 9 контейнеров
2025-11-18 01:28:13,410 - docker_discoverer - INFO - Docker discoverer обнаружил 9 контейнеров
2025-11-18 01:28:13,410 - svc_app_discoverer - ERROR - Требуемые директории не существуют. app_root=/site/app, htdoc_root=/site/share/htdoc
2025-11-18 01:29:13,733 - plugins.docker_client - INFO - Получено 9 контейнеров
2025-11-18 01:29:13,733 - docker_discoverer - INFO - Docker discoverer обнаружил 9 контейнеров
2025-11-18 01:29:13,733 - svc_app_discoverer - ERROR - Требуемые директории не существуют. app_root=/site/app, htdoc_root=/site/share/htdoc
2025-11-18 01:30:14,056 - plugins.docker_client - INFO - Получено 9 контейнеров
2025-11-18 01:30:14,057 - docker_discoverer - INFO - Docker discoverer обнаружил 9 контейнеров
2025-11-18 01:30:14,057 - svc_app_discoverer - ERROR - Требуемые директории не существуют. app_root=/site/app, htdoc_root=/site/share/htdoc
2025-11-18 01:31:14,371 - plugins.docker_client - INFO - Получено 9 контейнеров
2025-11-18 01:31:14,371 - docker_discoverer - INFO - Docker discoverer обнаружил 9 контейнеров
2025-11-18 01:31:14,371 - svc_app_discoverer - ERROR - Требуемые директории не существуют. app_root=/site/app, htdoc_root=/site/share/htdoc
2025-11-18 01:32:14,677 - plugins.docker_client - INFO - Получено 9 контейнеров
2025-11-18 01:32:14,677 - docker_discoverer - INFO - Docker discoverer обнаружил 9 контейнеров
2025-11-18 01:32:14,677 - svc_app_discoverer - ERROR - Требуемые директории не существуют. app_root=/site/app, htdoc_root=/site/share/htdoc
2025-11-18 01:33:14,985 - plugins.docker_client - INFO - Получено 9 контейнеров
2025-11-18 01:33:14,985 - docker_discoverer - INFO - Docker discoverer обнаружил 9 контейнеров
2025-11-18 01:33:14,986 - svc_app_discoverer - ERROR - Требуемые директории не существуют. app_root=/site/app, htdoc_root=/site/share/htdoc
2025-11-18 01:34:15,311 - plugins.docker_client - INFO - Получено 9 контейнеров
2025-11-18 01:34:15,311 - docker_discoverer - INFO - Docker discoverer обнаружил 9 контейнеров
2025-11-18 01:34:15,311 - svc_app_discoverer - ERROR - Требуемые директории не существуют. app_root=/site/app, htdoc_root=/site/share/htdoc
2025-11-18 01:35:15,621 - plugins.docker_client - INFO - Получено 9 контейнеров
2025-11-18 01:35:15,622 - docker_discoverer - INFO - Docker discoverer обнаружил 9 контейнеров
2025-11-18 01:35:15,622 - svc_app_discoverer - ERROR - Требуемые директории не существуют. app_root=/site/app, htdoc_root=/site/share/htdoc
2025-11-18 01:36:15,933 - plugins.docker_client - INFO - Получено 9 контейнеров
2025-11-18 01:36:15,933 - docker_discoverer - INFO - Docker discoverer обнаружил 9 контейнеров
2025-11-18 01:36:15,933 - svc_app_discoverer - ERROR - Требуемые директории не существуют. app_root=/site/app, htdoc_root=/site/share/htdoc
2025-11-18 01:37:16,272 - plugins.docker_client - INFO - Получено 9 контейнеров
2025-11-18 01:37:16,273 - docker_discoverer - INFO - Docker discoverer обнаружил 9 контейнеров
2025-11-18 01:37:16,273 - svc_app_discoverer - ERROR - Требуемые директории не существуют. app_root=/site/app, htdoc_root=/site/share/htdoc
2025-11-18 01:38:16,618 - plugins.docker_client - INFO - Получено 9 контейнеров
2025-11-18 01:38:16,618 - docker_discoverer - INFO - Docker discoverer обнаружил 9 контейнеров
2025-11-18 01:38:16,619 - svc_app_discoverer - ERROR - Требуемые директории не существуют. app_root=/site/app, htdoc_root=/site/share/htdoc
2025-11-18 01:39:16,945 - plugins.docker_client - INFO - Получено 9 контейнеров
2025-11-18 01:39:16,946 - docker_discoverer - INFO - Docker discoverer обнаружил 9 контейнеров
2025-11-18 01:39:16,946 - svc_app_discoverer - ERROR - Требуемые директории не существуют. app_root=/site/app, htdoc_root=/site/share/htdoc
2025-11-18 01:40:17,267 - plugins.docker_client - INFO - Получено 9 контейнеров
2025-11-18 01:40:17,267 - docker_discoverer - INFO - Docker discoverer обнаружил 9 контейнеров
2025-11-18 01:40:17,267 - svc_app_discoverer - ERROR - Требуемые директории не существуют. app_root=/site/app, htdoc_root=/site/share/htdoc
2025-11-18 01:41:17,578 - plugins.docker_client - INFO - Получено 9 контейнеров
2025-11-18 01:41:17,578 - docker_discoverer - INFO - Docker discoverer обнаружил 9 контейнеров
2025-11-18 01:41:17,578 - svc_app_discoverer - ERROR - Требуемые директории не существуют. app_root=/site/app, htdoc_root=/site/share/htdoc
2025-11-18 01:42:17,887 - plugins.docker_client - INFO - Получено 9 контейнеров
2025-11-18 01:42:17,887 - docker_discoverer - INFO - Docker discoverer обнаружил 9 контейнеров
2025-11-18 01:42:17,887 - svc_app_discoverer - ERROR - Требуемые директории не существуют. app_root=/site/app, htdoc_root=/site/share/htdoc
2025-11-18 01:43:18,195 - plugins.docker_client - INFO - Получено 9 контейнеров
2025-11-18 01:43:18,195 - docker_discoverer - INFO - Docker discoverer обнаружил 9 контейнеров
2025-11-18 01:43:18,195 - svc_app_discoverer - ERROR - Требуемые директории не существуют. app_root=/site/app, htdoc_root=/site/share/htdoc
2025-11-18 01:44:18,510 - plugins.docker_client - INFO - Получено 9 контейнеров
2025-11-18 01:44:18,510 - docker_discoverer - INFO - Docker discoverer обнаружил 9 контейнеров
2025-11-18 01:44:18,510 - svc_app_discoverer - ERROR - Требуемые директории не существуют. app_root=/site/app, htdoc_root=/site/share/htdoc
2025-11-18 01:45:18,825 - plugins.docker_client - INFO - Получено 9 контейнеров
2025-11-18 01:45:18,825 - docker_discoverer - INFO - Docker discoverer обнаружил 9 контейнеров
2025-11-18 01:45:18,825 - svc_app_discoverer - ERROR - Требуемые директории не существуют. app_root=/site/app, htdoc_root=/site/share/htdoc
2025-11-18 01:46:19,130 - plugins.docker_client - INFO - Получено 9 контейнеров
2025-11-18 01:46:19,131 - docker_discoverer - INFO - Docker discoverer обнаружил 9 контейнеров
2025-11-18 01:46:19,131 - svc_app_discoverer - ERROR - Требуемые директории не существуют. app_root=/site/app, htdoc_root=/site/share/htdoc
2025-11-18 01:47:19,464 - plugins.docker_client - INFO - Получено 9 контейнеров
2025-11-18 01:47:19,465 - docker_discoverer - INFO - Docker discoverer обнаружил 9 контейнеров
2025-11-18 01:47:19,465 - svc_app_discoverer - ERROR - Требуемые директории не существуют. app_root=/site/app, htdoc_root=/site/share/htdoc
2025-11-18 01:48:19,825 - plugins.docker_client - INFO - Получено 9 контейнеров
2025-11-18 01:48:19,825 - docker_discoverer - INFO - Docker discoverer обнаружил 9 контейнеров
2025-11-18 01:48:19,826 - svc_app_discoverer - ERROR - Требуемые директории не существуют. app_root=/site/app, htdoc_root=/site/share/htdoc
2025-11-18 01:49:20,165 - plugins.docker_client - INFO - Получено 9 контейнеров
2025-11-18 01:49:20,165 - docker_discoverer - INFO - Docker discoverer обнаружил 9 контейнеров
2025-11-18 01:49:20,166 - svc_app_discoverer - ERROR - Требуемые директории не существуют. app_root=/site/app, htdoc_root=/site/share/htdoc
2025-11-18 01:50:20,538 - plugins.docker_client - INFO - Получено 9 контейнеров
2025-11-18 01:50:20,538 - docker_discoverer - INFO - Docker discoverer обнаружил 9 контейнеров
2025-11-18 01:50:20,538 - svc_app_discoverer - ERROR - Требуемые директории не существуют. app_root=/site/app, htdoc_root=/site/share/htdoc
2025-11-18 01:51:20,853 - plugins.docker_client - INFO - Получено 9 контейнеров
2025-11-18 01:51:20,853 - docker_discoverer - INFO - Docker discoverer обнаружил 9 контейнеров
2025-11-18 01:51:20,853 - svc_app_discoverer - ERROR - Требуемые директории не существуют. app_root=/site/app, htdoc_root=/site/share/htdoc
2025-11-18 01:52:21,165 - plugins.docker_client - INFO - Получено 9 контейнеров
2025-11-18 01:52:21,165 - docker_discoverer - INFO - Docker discoverer обнаружил 9 контейнеров
2025-11-18 01:52:21,165 - svc_app_discoverer - ERROR - Требуемые директории не существуют. app_root=/site/app, htdoc_root=/site/share/htdoc
2025-11-18 01:53:21,478 - plugins.docker_client - INFO - Получено 9 контейнеров
2025-11-18 01:53:21,478 - docker_discoverer - INFO - Docker discoverer обнаружил 9 контейнеров
2025-11-18 01:53:21,478 - svc_app_discoverer - ERROR - Требуемые директории не существуют. app_root=/site/app, htdoc_root=/site/share/htdoc
2025-11-18 01:54:21,808 - plugins.docker_client - INFO - Получено 9 контейнеров
2025-11-18 01:54:21,808 - docker_discoverer - INFO - Docker discoverer обнаружил 9 контейнеров
2025-11-18 01:54:21,808 - svc_app_discoverer - ERROR - Требуемые директории не существуют. app_root=/site/app, htdoc_root=/site/share/htdoc
2025-11-18 01:55:22,129 - plugins.docker_client - INFO - Получено 9 контейнеров
2025-11-18 01:55:22,129 - docker_discoverer - INFO - Docker discoverer обнаружил 9 контейнеров
2025-11-18 01:55:22,129 - svc_app_discoverer - ERROR - Требуемые директории не существуют. app_root=/site/app, htdoc_root=/site/share/htdoc
2025-11-18 01:56:22,438 - plugins.docker_client - INFO - Получено 9 контейнеров
2025-11-18 01:56:22,438 - docker_discoverer - INFO - Docker discoverer обнаружил 9 контейнеров
2025-11-18 01:56:22,438 - svc_app_discoverer - ERROR - Требуемые директории не существуют. app_root=/site/app, htdoc_root=/site/share/htdoc
2025-11-18 01:57:22,745 - plugins.docker_client - INFO - Получено 9 контейнеров
2025-11-18 01:57:22,746 - docker_discoverer - INFO - Docker discoverer обнаружил 9 контейнеров
2025-11-18 01:57:22,746 - svc_app_discoverer - ERROR - Требуемые директории не существуют. app_root=/site/app, htdoc_root=/site/share/htdoc
2025-11-18 01:58:23,050 - plugins.docker_client - INFO - Получено 9 контейнеров
2025-11-18 01:58:23,050 - docker_discoverer - INFO - Docker discoverer обнаружил 9 контейнеров
2025-11-18 01:58:23,051 - svc_app_discoverer - ERROR - Требуемые директории не существуют. app_root=/site/app, htdoc_root=/site/share/htdoc
2025-11-18 01:59:23,360 - plugins.docker_client - INFO - Получено 9 контейнеров
2025-11-18 01:59:23,360 - docker_discoverer - INFO - Docker discoverer обнаружил 9 контейнеров
2025-11-18 01:59:23,360 - svc_app_discoverer - ERROR - Требуемые директории не существуют. app_root=/site/app, htdoc_root=/site/share/htdoc
2025-11-18 02:00:23,668 - plugins.docker_client - INFO - Получено 9 контейнеров
2025-11-18 02:00:23,668 - docker_discoverer - INFO - Docker discoverer обнаружил 9 контейнеров
2025-11-18 02:00:23,668 - svc_app_discoverer - ERROR - Требуемые директории не существуют. app_root=/site/app, htdoc_root=/site/share/htdoc
2025-11-18 02:01:23,973 - plugins.docker_client - INFO - Получено 9 контейнеров
2025-11-18 02:01:23,973 - docker_discoverer - INFO - Docker discoverer обнаружил 9 контейнеров
2025-11-18 02:01:23,973 - svc_app_discoverer - ERROR - Требуемые директории не существуют. app_root=/site/app, htdoc_root=/site/share/htdoc
2025-11-18 02:02:24,280 - plugins.docker_client - INFO - Получено 9 контейнеров
2025-11-18 02:02:24,280 - docker_discoverer - INFO - Docker discoverer обнаружил 9 контейнеров
2025-11-18 02:02:24,280 - svc_app_discoverer - ERROR - Требуемые директории не существуют. app_root=/site/app, htdoc_root=/site/share/htdoc
2025-11-18 02:03:24,583 - plugins.docker_client - INFO - Получено 9 контейнеров
2025-11-18 02:03:24,583 - docker_discoverer - INFO - Docker discoverer обнаружил 9 контейнеров
2025-11-18 02:03:24,583 - svc_app_discoverer - ERROR - Требуемые директории не существуют. app_root=/site/app, htdoc_root=/site/share/htdoc
2025-11-18 02:04:24,892 - plugins.docker_client - INFO - Получено 9 контейнеров
2025-11-18 02:04:24,892 - docker_discoverer - INFO - Docker discoverer обнаружил 9 контейнеров
2025-11-18 02:04:24,892 - svc_app_discoverer - ERROR - Требуемые директории не существуют. app_root=/site/app, htdoc_root=/site/share/htdoc
2025-11-18 02:05:25,208 - plugins.docker_client - INFO - Получено 9 контейнеров
2025-11-18 02:05:25,208 - docker_discoverer - INFO - Docker discoverer обнаружил 9 контейнеров
2025-11-18 02:05:25,208 - svc_app_discoverer - ERROR - Требуемые директории не существуют. app_root=/site/app, htdoc_root=/site/share/htdoc
2025-11-18 02:06:25,522 - plugins.docker_client - INFO - Получено 9 контейнеров
2025-11-18 02:06:25,523 - docker_discoverer - INFO - Docker discoverer обнаружил 9 контейнеров
2025-11-18 02:06:25,523 - svc_app_discoverer - ERROR - Требуемые директории не существуют. app_root=/site/app, htdoc_root=/site/share/htdoc
2025-11-18 02:07:25,835 - plugins.docker_client - INFO - Получено 9 контейнеров
2025-11-18 02:07:25,835 - docker_discoverer - INFO - Docker discoverer обнаружил 9 контейнеров
2025-11-18 02:07:25,835 - svc_app_discoverer - ERROR - Требуемые директории не существуют. app_root=/site/app, htdoc_root=/site/share/htdoc
2025-11-18 02:08:26,142 - plugins.docker_client - INFO - Получено 9 контейнеров
2025-11-18 02:08:26,142 - docker_discoverer - INFO - Docker discoverer обнаружил 9 контейнеров
2025-11-18 02:08:26,142 - svc_app_discoverer - ERROR - Требуемые директории не существуют. app_root=/site/app, htdoc_root=/site/share/htdoc
2025-11-18 02:09:26,448 - plugins.docker_client - INFO - Получено 9 контейнеров
2025-11-18 02:09:26,448 - docker_discoverer - INFO - Docker discoverer обнаружил 9 контейнеров
2025-11-18 02:09:26,448 - svc_app_discoverer - ERROR - Требуемые директории не существуют. app_root=/site/app, htdoc_root=/site/share/htdoc
2025-11-18 02:10:26,753 - plugins.docker_client - INFO - Получено 9 контейнеров
2025-11-18 02:10:26,754 - docker_discoverer - INFO - Docker discoverer обнаружил 9 контейнеров
2025-11-18 02:10:26,754 - svc_app_discoverer - ERROR - Требуемые директории не существуют. app_root=/site/app, htdoc_root=/site/share/htdoc
2025-11-18 02:11:27,060 - plugins.docker_client - INFO - Получено 9 контейнеров
2025-11-18 02:11:27,060 - docker_discoverer - INFO - Docker discoverer обнаружил 9 контейнеров
2025-11-18 02:11:27,060 - svc_app_discoverer - ERROR - Требуемые директории не существуют. app_root=/site/app, htdoc_root=/site/share/htdoc
2025-11-18 02:12:27,376 - plugins.docker_client - INFO - Получено 9 контейнеров
2025-11-18 02:12:27,376 - docker_discoverer - INFO - Docker discoverer обнаружил 9 контейнеров
2025-11-18 02:12:27,376 - svc_app_discoverer - ERROR - Требуемые директории не существуют. app_root=/site/app, htdoc_root=/site/share/htdoc
2025-11-18 02:13:27,677 - plugins.docker_client - INFO - Получено 9 контейнеров
2025-11-18 02:13:27,677 - docker_discoverer - INFO - Docker discoverer обнаружил 9 контейнеров
2025-11-18 02:13:27,677 - svc_app_discoverer - ERROR - Требуемые директории не существуют. app_root=/site/app, htdoc_root=/site/share/htdoc
2025-11-18 02:14:27,977 - plugins.docker_client - INFO - Получено 9 контейнеров
2025-11-18 02:14:27,977 - docker_discoverer - INFO - Docker discoverer обнаружил 9 контейнеров
2025-11-18 02:14:27,977 - svc_app_discoverer - ERROR - Требуемые директории не существуют. app_root=/site/app, htdoc_root=/site/share/htdoc
2025-11-18 02:15:28,280 - plugins.docker_client - INFO - Получено 9 контейнеров
2025-11-18 02:15:28,280 - docker_discoverer - INFO - Docker discoverer обнаружил 9 контейнеров
2025-11-18 02:15:28,281 - svc_app_discoverer - ERROR - Требуемые директории не существуют. app_root=/site/app, htdoc_root=/site/share/htdoc
2025-11-18 02:16:28,615 - plugins.docker_client - INFO - Получено 9 контейнеров
2025-11-18 02:16:28,616 - docker_discoverer - INFO - Docker discoverer обнаружил 9 контейнеров
2025-11-18 02:16:28,616 - svc_app_discoverer - ERROR - Требуемые директории не существуют. app_root=/site/app, htdoc_root=/site/share/htdoc
2025-11-18 02:17:28,919 - plugins.docker_client - INFO - Получено 9 контейнеров
2025-11-18 02:17:28,920 - docker_discoverer - INFO - Docker discoverer обнаружил 9 контейнеров
2025-11-18 02:17:28,920 - svc_app_discoverer - ERROR - Требуемые директории не существуют. app_root=/site/app, htdoc_root=/site/share/htdoc
2025-11-18 02:18:29,218 - plugins.docker_client - INFO - Получено 9 контейнеров
2025-11-18 02:18:29,219 - docker_discoverer - INFO - Docker discoverer обнаружил 9 контейнеров
2025-11-18 02:18:29,219 - svc_app_discoverer - ERROR - Требуемые директории не существуют. app_root=/site/app, htdoc_root=/site/share/htdoc
2025-11-18 02:19:29,530 - plugins.docker_client - INFO - Получено 9 контейнеров
2025-11-18 02:19:29,530 - docker_discoverer - INFO - Docker discoverer обнаружил 9 контейнеров
2025-11-18 02:19:29,530 - svc_app_discoverer - ERROR - Требуемые директории не существуют. app_root=/site/app, htdoc_root=/site/share/htdoc
2025-11-18 02:20:29,839 - plugins.docker_client - INFO - Получено 9 контейнеров
2025-11-18 02:20:29,840 - docker_discoverer - INFO - Docker discoverer обнаружил 9 контейнеров
2025-11-18 02:20:29,840 - svc_app_discoverer - ERROR - Требуемые директории не существуют. app_root=/site/app, htdoc_root=/site/share/htdoc
2025-11-18 02:21:30,147 - plugins.docker_client - INFO - Получено 9 контейнеров
2025-11-18 02:21:30,147 - docker_discoverer - INFO - Docker discoverer обнаружил 9 контейнеров
2025-11-18 02:21:30,147 - svc_app_discoverer - ERROR - Требуемые директории не существуют. app_root=/site/app, htdoc_root=/site/share/htdoc
2025-11-18 02:22:30,454 - plugins.docker_client - INFO - Получено 9 контейнеров
2025-11-18 02:22:30,455 - docker_discoverer - INFO - Docker discoverer обнаружил 9 контейнеров
2025-11-18 02:22:30,455 - svc_app_discoverer - ERROR - Требуемые директории не существуют. app_root=/site/app, htdoc_root=/site/share/htdoc
2025-11-18 02:23:30,758 - plugins.docker_client - INFO - Получено 9 контейнеров
2025-11-18 02:23:30,758 - docker_discoverer - INFO - Docker discoverer обнаружил 9 контейнеров
2025-11-18 02:23:30,758 - svc_app_discoverer - ERROR - Требуемые директории не существуют. app_root=/site/app, htdoc_root=/site/share/htdoc
2025-11-18 02:24:31,066 - plugins.docker_client - INFO - Получено 9 контейнеров
2025-11-18 02:24:31,066 - docker_discoverer - INFO - Docker discoverer обнаружил 9 контейнеров
2025-11-18 02:24:31,066 - svc_app_discoverer - ERROR - Требуемые директории не существуют. app_root=/site/app, htdoc_root=/site/share/htdoc
2025-11-18 02:25:31,363 - plugins.docker_client - INFO - Получено 9 контейнеров
2025-11-18 02:25:31,363 - docker_discoverer - INFO - Docker discoverer обнаружил 9 контейнеров
2025-11-18 02:25:31,363 - svc_app_discoverer - ERROR - Требуемые директории не существуют. app_root=/site/app, htdoc_root=/site/share/htdoc
2025-11-18 02:26:31,672 - plugins.docker_client - INFO - Получено 9 контейнеров
2025-11-18 02:26:31,673 - docker_discoverer - INFO - Docker discoverer обнаружил 9 контейнеров
2025-11-18 02:26:31,673 - svc_app_discoverer - ERROR - Требуемые директории не существуют. app_root=/site/app, htdoc_root=/site/share/htdoc
2025-11-18 02:27:32,011 - plugins.docker_client - INFO - Получено 9 контейнеров
2025-11-18 02:27:32,011 - docker_discoverer - INFO - Docker discoverer обнаружил 9 контейнеров
2025-11-18 02:27:32,011 - svc_app_discoverer - ERROR - Требуемые директории не существуют. app_root=/site/app, htdoc_root=/site/share/htdoc
2025-11-18 02:28:32,327 - plugins.docker_client - INFO - Получено 9 контейнеров
2025-11-18 02:28:32,327 - docker_discoverer - INFO - Docker discoverer обнаружил 9 контейнеров
2025-11-18 02:28:32,327 - svc_app_discoverer - ERROR - Требуемые директории не существуют. app_root=/site/app, htdoc_root=/site/share/htdoc
2025-11-18 02:29:32,650 - plugins.docker_client - INFO - Получено 9 контейнеров
2025-11-18 02:29:32,650 - docker_discoverer - INFO - Docker discoverer обнаружил 9 контейнеров
2025-11-18 02:29:32,650 - svc_app_discoverer - ERROR - Требуемые директории не существуют. app_root=/site/app, htdoc_root=/site/share/htdoc
2025-11-18 02:30:32,959 - plugins.docker_client - INFO - Получено 9 контейнеров
2025-11-18 02:30:32,960 - docker_discoverer - INFO - Docker discoverer обнаружил 9 контейнеров
2025-11-18 02:30:32,960 - svc_app_discoverer - ERROR - Требуемые директории не существуют. app_root=/site/app, htdoc_root=/site/share/htdoc
2025-11-18 02:31:33,262 - plugins.docker_client - INFO - Получено 9 контейнеров
2025-11-18 02:31:33,262 - docker_discoverer - INFO - Docker discoverer обнаружил 9 контейнеров
2025-11-18 02:31:33,262 - svc_app_discoverer - ERROR - Требуемые директории не существуют. app_root=/site/app, htdoc_root=/site/share/htdoc
2025-11-18 02:32:33,562 - plugins.docker_client - INFO - Получено 9 контейнеров
2025-11-18 02:32:33,562 - docker_discoverer - INFO - Docker discoverer обнаружил 9 контейнеров
2025-11-18 02:32:33,562 - svc_app_discoverer - ERROR - Требуемые директории не существуют. app_root=/site/app, htdoc_root=/site/share/htdoc
2025-11-18 02:33:33,873 - plugins.docker_client - INFO - Получено 9 контейнеров
2025-11-18 02:33:33,873 - docker_discoverer - INFO - Docker discoverer обнаружил 9 контейнеров
2025-11-18 02:33:33,873 - svc_app_discoverer - ERROR - Требуемые директории не существуют. app_root=/site/app, htdoc_root=/site/share/htdoc
2025-11-18 02:34:34,181 - plugins.docker_client - INFO - Получено 9 контейнеров
2025-11-18 02:34:34,181 - docker_discoverer - INFO - Docker discoverer обнаружил 9 контейнеров
2025-11-18 02:34:34,181 - svc_app_discoverer - ERROR - Требуемые директории не существуют. app_root=/site/app, htdoc_root=/site/share/htdoc
2025-11-18 02:35:34,492 - plugins.docker_client - INFO - Получено 9 контейнеров
2025-11-18 02:35:34,492 - docker_discoverer - INFO - Docker discoverer обнаружил 9 контейнеров
2025-11-18 02:35:34,492 - svc_app_discoverer - ERROR - Требуемые директории не существуют. app_root=/site/app, htdoc_root=/site/share/htdoc
2025-11-18 02:36:34,808 - plugins.docker_client - INFO - Получено 9 контейнеров
2025-11-18 02:36:34,808 - docker_discoverer - INFO - Docker discoverer обнаружил 9 контейнеров
2025-11-18 02:36:34,808 - svc_app_discoverer - ERROR - Требуемые директории не существуют. app_root=/site/app, htdoc_root=/site/share/htdoc
2025-11-18 02:37:35,108 - plugins.docker_client - INFO - Получено 9 контейнеров
2025-11-18 02:37:35,109 - docker_discoverer - INFO - Docker discoverer обнаружил 9 контейнеров
2025-11-18 02:37:35,109 - svc_app_discoverer - ERROR - Требуемые директории не существуют. app_root=/site/app, htdoc_root=/site/share/htdoc
2025-11-18 02:38:35,419 - plugins.docker_client - INFO - Получено 9 контейнеров
2025-11-18 02:38:35,419 - docker_discoverer - INFO - Docker discoverer обнаружил 9 контейнеров
2025-11-18 02:38:35,419 - svc_app_discoverer - ERROR - Требуемые директории не существуют. app_root=/site/app, htdoc_root=/site/share/htdoc
2025-11-18 02:39:35,719 - plugins.docker_client - INFO - Получено 9 контейнеров
2025-11-18 02:39:35,720 - docker_discoverer - INFO - Docker discoverer обнаружил 9 контейнеров
2025-11-18 02:39:35,720 - svc_app_discoverer - ERROR - Требуемые директории не существуют. app_root=/site/app, htdoc_root=/site/share/htdoc
2025-11-18 02:40:36,039 - plugins.docker_client - INFO - Получено 9 контейнеров
2025-11-18 02:40:36,039 - docker_discoverer - INFO - Docker discoverer обнаружил 9 контейнеров
2025-11-18 02:40:36,039 - svc_app_discoverer - ERROR - Требуемые директории не существуют. app_root=/site/app, htdoc_root=/site/share/htdoc
2025-11-18 02:41:36,344 - plugins.docker_client - INFO - Получено 9 контейнеров
2025-11-18 02:41:36,344 - docker_discoverer - INFO - Docker discoverer обнаружил 9 контейнеров
2025-11-18 02:41:36,344 - svc_app_discoverer - ERROR - Требуемые директории не существуют. app_root=/site/app, htdoc_root=/site/share/htdoc
2025-11-18 02:42:36,655 - plugins.docker_client - INFO - Получено 9 контейнеров
2025-11-18 02:42:36,655 - docker_discoverer - INFO - Docker discoverer обнаружил 9 контейнеров
2025-11-18 02:42:36,655 - svc_app_discoverer - ERROR - Требуемые директории не существуют. app_root=/site/app, htdoc_root=/site/share/htdoc
2025-11-18 02:43:36,956 - plugins.docker_client - INFO - Получено 9 контейнеров
2025-11-18 02:43:36,956 - docker_discoverer - INFO - Docker discoverer обнаружил 9 контейнеров
2025-11-18 02:43:36,956 - svc_app_discoverer - ERROR - Требуемые директории не существуют. app_root=/site/app, htdoc_root=/site/share/htdoc
2025-11-18 02:44:37,263 - plugins.docker_client - INFO - Получено 9 контейнеров
2025-11-18 02:44:37,263 - docker_discoverer - INFO - Docker discoverer обнаружил 9 контейнеров
2025-11-18 02:44:37,264 - svc_app_discoverer - ERROR - Требуемые директории не существуют. app_root=/site/app, htdoc_root=/site/share/htdoc
2025-11-18 02:45:37,575 - plugins.docker_client - INFO - Получено 9 контейнеров
2025-11-18 02:45:37,575 - docker_discoverer - INFO - Docker discoverer обнаружил 9 контейнеров
2025-11-18 02:45:37,575 - svc_app_discoverer - ERROR - Требуемые директории не существуют. app_root=/site/app, htdoc_root=/site/share/htdoc
2025-11-18 02:46:37,879 - plugins.docker_client - INFO - Получено 9 контейнеров
2025-11-18 02:46:37,879 - docker_discoverer - INFO - Docker discoverer обнаружил 9 контейнеров
2025-11-18 02:46:37,879 - svc_app_discoverer - ERROR - Требуемые директории не существуют. app_root=/site/app, htdoc_root=/site/share/htdoc
2025-11-18 02:47:38,187 - plugins.docker_client - INFO - Получено 9 контейнеров
2025-11-18 02:47:38,187 - docker_discoverer - INFO - Docker discoverer обнаружил 9 контейнеров
2025-11-18 02:47:38,187 - svc_app_discoverer - ERROR - Требуемые директории не существуют. app_root=/site/app, htdoc_root=/site/share/htdoc
2025-11-18 02:48:38,497 - plugins.docker_client - INFO - Получено 9 контейнеров
2025-11-18 02:48:38,497 - docker_discoverer - INFO - Docker discoverer обнаружил 9 контейнеров
2025-11-18 02:48:38,497 - svc_app_discoverer - ERROR - Требуемые директории не существуют. app_root=/site/app, htdoc_root=/site/share/htdoc
2025-11-18 02:49:38,804 - plugins.docker_client - INFO - Получено 9 контейнеров
2025-11-18 02:49:38,804 - docker_discoverer - INFO - Docker discoverer обнаружил 9 контейнеров
2025-11-18 02:49:38,804 - svc_app_discoverer - ERROR - Требуемые директории не существуют. app_root=/site/app, htdoc_root=/site/share/htdoc
2025-11-18 02:50:39,119 - plugins.docker_client - INFO - Получено 9 контейнеров
2025-11-18 02:50:39,119 - docker_discoverer - INFO - Docker discoverer обнаружил 9 контейнеров
2025-11-18 02:50:39,119 - svc_app_discoverer - ERROR - Требуемые директории не существуют. app_root=/site/app, htdoc_root=/site/share/htdoc
2025-11-18 02:51:39,435 - plugins.docker_client - INFO - Получено 9 контейнеров
2025-11-18 02:51:39,435 - docker_discoverer - INFO - Docker discoverer обнаружил 9 контейнеров
2025-11-18 02:51:39,435 - svc_app_discoverer - ERROR - Требуемые директории не существуют. app_root=/site/app, htdoc_root=/site/share/htdoc
2025-11-18 02:52:39,742 - plugins.docker_client - INFO - Получено 9 контейнеров
2025-11-18 02:52:39,742 - docker_discoverer - INFO - Docker discoverer обнаружил 9 контейнеров
2025-11-18 02:52:39,742 - svc_app_discoverer - ERROR - Требуемые директории не существуют. app_root=/site/app, htdoc_root=/site/share/htdoc
2025-11-18 02:53:40,043 - plugins.docker_client - INFO - Получено 9 контейнеров
2025-11-18 02:53:40,043 - docker_discoverer - INFO - Docker discoverer обнаружил 9 контейнеров
2025-11-18 02:53:40,043 - svc_app_discoverer - ERROR - Требуемые директории не существуют. app_root=/site/app, htdoc_root=/site/share/htdoc
2025-11-18 02:54:40,353 - plugins.docker_client - INFO - Получено 9 контейнеров
2025-11-18 02:54:40,353 - docker_discoverer - INFO - Docker discoverer обнаружил 9 контейнеров
2025-11-18 02:54:40,353 - svc_app_discoverer - ERROR - Требуемые директории не существуют. app_root=/site/app, htdoc_root=/site/share/htdoc
2025-11-18 02:55:40,660 - plugins.docker_client - INFO - Получено 9 контейнеров
2025-11-18 02:55:40,661 - docker_discoverer - INFO - Docker discoverer обнаружил 9 контейнеров
2025-11-18 02:55:40,661 - svc_app_discoverer - ERROR - Требуемые директории не существуют. app_root=/site/app, htdoc_root=/site/share/htdoc
2025-11-18 02:56:40,961 - plugins.docker_client - INFO - Получено 9 контейнеров
2025-11-18 02:56:40,961 - docker_discoverer - INFO - Docker discoverer обнаружил 9 контейнеров
2025-11-18 02:56:40,961 - svc_app_discoverer - ERROR - Требуемые директории не существуют. app_root=/site/app, htdoc_root=/site/share/htdoc
2025-11-18 02:57:41,265 - plugins.docker_client - INFO - Получено 9 контейнеров
2025-11-18 02:57:41,265 - docker_discoverer - INFO - Docker discoverer обнаружил 9 контейнеров
2025-11-18 02:57:41,265 - svc_app_discoverer - ERROR - Требуемые директории не существуют. app_root=/site/app, htdoc_root=/site/share/htdoc
2025-11-18 02:58:41,577 - plugins.docker_client - INFO - Получено 9 контейнеров
2025-11-18 02:58:41,577 - docker_discoverer - INFO - Docker discoverer обнаружил 9 контейнеров
2025-11-18 02:58:41,577 - svc_app_discoverer - ERROR - Требуемые директории не существуют. app_root=/site/app, htdoc_root=/site/share/htdoc
2025-11-18 02:59:41,910 - plugins.docker_client - INFO - Получено 9 контейнеров
2025-11-18 02:59:41,910 - docker_discoverer - INFO - Docker discoverer обнаружил 9 контейнеров
2025-11-18 02:59:41,910 - svc_app_discoverer - ERROR - Требуемые директории не существуют. app_root=/site/app, htdoc_root=/site/share/htdoc
2025-11-18 03:00:42,292 - plugins.docker_client - INFO - Получено 9 контейнеров
2025-11-18 03:00:42,292 - docker_discoverer - INFO - Docker discoverer обнаружил 9 контейнеров
2025-11-18 03:00:42,292 - svc_app_discoverer - ERROR - Требуемые директории не существуют. app_root=/site/app, htdoc_root=/site/share/htdoc
2025-11-18 03:01:42,629 - plugins.docker_client - INFO - Получено 9 контейнеров
2025-11-18 03:01:42,630 - docker_discoverer - INFO - Docker discoverer обнаружил 9 контейнеров
2025-11-18 03:01:42,630 - svc_app_discoverer - ERROR - Требуемые директории не существуют. app_root=/site/app, htdoc_root=/site/share/htdoc
2025-11-18 03:02:42,945 - plugins.docker_client - INFO - Получено 9 контейнеров
2025-11-18 03:02:42,945 - docker_discoverer - INFO - Docker discoverer обнаружил 9 контейнеров
2025-11-18 03:02:42,945 - svc_app_discoverer - ERROR - Требуемые директории не существуют. app_root=/site/app, htdoc_root=/site/share/htdoc
2025-11-18 03:03:43,262 - plugins.docker_client - INFO - Получено 9 контейнеров
2025-11-18 03:03:43,262 - docker_discoverer - INFO - Docker discoverer обнаружил 9 контейнеров
2025-11-18 03:03:43,262 - svc_app_discoverer - ERROR - Требуемые директории не существуют. app_root=/site/app, htdoc_root=/site/share/htdoc
2025-11-18 03:04:43,580 - plugins.docker_client - INFO - Получено 9 контейнеров
2025-11-18 03:04:43,580 - docker_discoverer - INFO - Docker discoverer обнаружил 9 контейнеров
2025-11-18 03:04:43,580 - svc_app_discoverer - ERROR - Требуемые директории не существуют. app_root=/site/app, htdoc_root=/site/share/htdoc
2025-11-18 03:05:43,886 - plugins.docker_client - INFO - Получено 9 контейнеров
2025-11-18 03:05:43,886 - docker_discoverer - INFO - Docker discoverer обнаружил 9 контейнеров
2025-11-18 03:05:43,886 - svc_app_discoverer - ERROR - Требуемые директории не существуют. app_root=/site/app, htdoc_root=/site/share/htdoc
2025-11-18 03:06:44,186 - plugins.docker_client - INFO - Получено 9 контейнеров
2025-11-18 03:06:44,186 - docker_discoverer - INFO - Docker discoverer обнаружил 9 контейнеров
2025-11-18 03:06:44,186 - svc_app_discoverer - ERROR - Требуемые директории не существуют. app_root=/site/app, htdoc_root=/site/share/htdoc
2025-11-18 03:07:44,492 - plugins.docker_client - INFO - Получено 9 контейнеров
2025-11-18 03:07:44,492 - docker_discoverer - INFO - Docker discoverer обнаружил 9 контейнеров
2025-11-18 03:07:44,492 - svc_app_discoverer - ERROR - Требуемые директории не существуют. app_root=/site/app, htdoc_root=/site/share/htdoc
2025-11-18 03:08:44,794 - plugins.docker_client - INFO - Получено 9 контейнеров
2025-11-18 03:08:44,794 - docker_discoverer - INFO - Docker discoverer обнаружил 9 контейнеров
2025-11-18 03:08:44,795 - svc_app_discoverer - ERROR - Требуемые директории не существуют. app_root=/site/app, htdoc_root=/site/share/htdoc
2025-11-18 03:09:45,104 - plugins.docker_client - INFO - Получено 9 контейнеров
2025-11-18 03:09:45,104 - docker_discoverer - INFO - Docker discoverer обнаружил 9 контейнеров
2025-11-18 03:09:45,104 - svc_app_discoverer - ERROR - Требуемые директории не существуют. app_root=/site/app, htdoc_root=/site/share/htdoc
2025-11-18 03:10:45,410 - plugins.docker_client - INFO - Получено 9 контейнеров
2025-11-18 03:10:45,411 - docker_discoverer - INFO - Docker discoverer обнаружил 9 контейнеров
2025-11-18 03:10:45,411 - svc_app_discoverer - ERROR - Требуемые директории не существуют. app_root=/site/app, htdoc_root=/site/share/htdoc
2025-11-18 03:11:45,714 - plugins.docker_client - INFO - Получено 9 контейнеров
2025-11-18 03:11:45,714 - docker_discoverer - INFO - Docker discoverer обнаружил 9 контейнеров
2025-11-18 03:11:45,714 - svc_app_discoverer - ERROR - Требуемые директории не существуют. app_root=/site/app, htdoc_root=/site/share/htdoc
2025-11-18 03:12:46,016 - plugins.docker_client - INFO - Получено 9 контейнеров
2025-11-18 03:12:46,017 - docker_discoverer - INFO - Docker discoverer обнаружил 9 контейнеров
2025-11-18 03:12:46,017 - svc_app_discoverer - ERROR - Требуемые директории не существуют. app_root=/site/app, htdoc_root=/site/share/htdoc
2025-11-18 03:13:46,328 - plugins.docker_client - INFO - Получено 9 контейнеров
2025-11-18 03:13:46,329 - docker_discoverer - INFO - Docker discoverer обнаружил 9 контейнеров
2025-11-18 03:13:46,329 - svc_app_discoverer - ERROR - Требуемые директории не существуют. app_root=/site/app, htdoc_root=/site/share/htdoc
2025-11-18 03:14:46,646 - plugins.docker_client - INFO - Получено 9 контейнеров
2025-11-18 03:14:46,646 - docker_discoverer - INFO - Docker discoverer обнаружил 9 контейнеров
2025-11-18 03:14:46,647 - svc_app_discoverer - ERROR - Требуемые директории не существуют. app_root=/site/app, htdoc_root=/site/share/htdoc
2025-11-18 03:15:46,960 - plugins.docker_client - INFO - Получено 9 контейнеров
2025-11-18 03:15:46,961 - docker_discoverer - INFO - Docker discoverer обнаружил 9 контейнеров
2025-11-18 03:15:46,961 - svc_app_discoverer - ERROR - Требуемые директории не существуют. app_root=/site/app, htdoc_root=/site/share/htdoc
2025-11-18 03:16:47,274 - plugins.docker_client - INFO - Получено 9 контейнеров
2025-11-18 03:16:47,274 - docker_discoverer - INFO - Docker discoverer обнаружил 9 контейнеров
2025-11-18 03:16:47,274 - svc_app_discoverer - ERROR - Требуемые директории не существуют. app_root=/site/app, htdoc_root=/site/share/htdoc
2025-11-18 03:17:47,590 - plugins.docker_client - INFO - Получено 9 контейнеров
2025-11-18 03:17:47,590 - docker_discoverer - INFO - Docker discoverer обнаружил 9 контейнеров
2025-11-18 03:17:47,591 - svc_app_discoverer - ERROR - Требуемые директории не существуют. app_root=/site/app, htdoc_root=/site/share/htdoc
2025-11-18 03:18:47,903 - plugins.docker_client - INFO - Получено 9 контейнеров
2025-11-18 03:18:47,903 - docker_discoverer - INFO - Docker discoverer обнаружил 9 контейнеров
2025-11-18 03:18:47,903 - svc_app_discoverer - ERROR - Требуемые директории не существуют. app_root=/site/app, htdoc_root=/site/share/htdoc
2025-11-18 03:19:48,214 - plugins.docker_client - INFO - Получено 9 контейнеров
2025-11-18 03:19:48,214 - docker_discoverer - INFO - Docker discoverer обнаружил 9 контейнеров
2025-11-18 03:19:48,214 - svc_app_discoverer - ERROR - Требуемые директории не существуют. app_root=/site/app, htdoc_root=/site/share/htdoc
2025-11-18 03:20:48,529 - plugins.docker_client - INFO - Получено 9 контейнеров
2025-11-18 03:20:48,529 - docker_discoverer - INFO - Docker discoverer обнаружил 9 контейнеров
2025-11-18 03:20:48,529 - svc_app_discoverer - ERROR - Требуемые директории не существуют. app_root=/site/app, htdoc_root=/site/share/htdoc
2025-11-18 03:21:48,836 - plugins.docker_client - INFO - Получено 9 контейнеров
2025-11-18 03:21:48,836 - docker_discoverer - INFO - Docker discoverer обнаружил 9 контейнеров
2025-11-18 03:21:48,836 - svc_app_discoverer - ERROR - Требуемые директории не существуют. app_root=/site/app, htdoc_root=/site/share/htdoc
2025-11-18 03:22:49,145 - plugins.docker_client - INFO - Получено 9 контейнеров
2025-11-18 03:22:49,145 - docker_discoverer - INFO - Docker discoverer обнаружил 9 контейнеров
2025-11-18 03:22:49,145 - svc_app_discoverer - ERROR - Требуемые директории не существуют. app_root=/site/app, htdoc_root=/site/share/htdoc
2025-11-18 03:23:49,454 - plugins.docker_client - INFO - Получено 9 контейнеров
2025-11-18 03:23:49,454 - docker_discoverer - INFO - Docker discoverer обнаружил 9 контейнеров
2025-11-18 03:23:49,454 - svc_app_discoverer - ERROR - Требуемые директории не существуют. app_root=/site/app, htdoc_root=/site/share/htdoc
2025-11-18 03:24:49,769 - plugins.docker_client - INFO - Получено 9 контейнеров
2025-11-18 03:24:49,769 - docker_discoverer - INFO - Docker discoverer обнаружил 9 контейнеров
2025-11-18 03:24:49,769 - svc_app_discoverer - ERROR - Требуемые директории не существуют. app_root=/site/app, htdoc_root=/site/share/htdoc
2025-11-18 03:25:50,075 - plugins.docker_client - INFO - Получено 9 контейнеров
2025-11-18 03:25:50,075 - docker_discoverer - INFO - Docker discoverer обнаружил 9 контейнеров
2025-11-18 03:25:50,075 - svc_app_discoverer - ERROR - Требуемые директории не существуют. app_root=/site/app, htdoc_root=/site/share/htdoc
2025-11-18 03:26:50,378 - plugins.docker_client - INFO - Получено 9 контейнеров
2025-11-18 03:26:50,378 - docker_discoverer - INFO - Docker discoverer обнаружил 9 контейнеров
2025-11-18 03:26:50,378 - svc_app_discoverer - ERROR - Требуемые директории не существуют. app_root=/site/app, htdoc_root=/site/share/htdoc
2025-11-18 03:27:50,683 - plugins.docker_client - INFO - Получено 9 контейнеров
2025-11-18 03:27:50,683 - docker_discoverer - INFO - Docker discoverer обнаружил 9 контейнеров
2025-11-18 03:27:50,683 - svc_app_discoverer - ERROR - Требуемые директории не существуют. app_root=/site/app, htdoc_root=/site/share/htdoc
2025-11-18 03:28:50,986 - plugins.docker_client - INFO - Получено 9 контейнеров
2025-11-18 03:28:50,987 - docker_discoverer - INFO - Docker discoverer обнаружил 9 контейнеров
2025-11-18 03:28:50,987 - svc_app_discoverer - ERROR - Требуемые директории не существуют. app_root=/site/app, htdoc_root=/site/share/htdoc
2025-11-18 03:29:51,293 - plugins.docker_client - INFO - Получено 9 контейнеров
2025-11-18 03:29:51,293 - docker_discoverer - INFO - Docker discoverer обнаружил 9 контейнеров
2025-11-18 03:29:51,293 - svc_app_discoverer - ERROR - Требуемые директории не существуют. app_root=/site/app, htdoc_root=/site/share/htdoc
2025-11-18 03:30:51,607 - plugins.docker_client - INFO - Получено 9 контейнеров
2025-11-18 03:30:51,607 - docker_discoverer - INFO - Docker discoverer обнаружил 9 контейнеров
2025-11-18 03:30:51,607 - svc_app_discoverer - ERROR - Требуемые директории не существуют. app_root=/site/app, htdoc_root=/site/share/htdoc
2025-11-18 03:31:51,914 - plugins.docker_client - INFO - Получено 9 контейнеров
2025-11-18 03:31:51,915 - docker_discoverer - INFO - Docker discoverer обнаружил 9 контейнеров
2025-11-18 03:31:51,915 - svc_app_discoverer - ERROR - Требуемые директории не существуют. app_root=/site/app, htdoc_root=/site/share/htdoc
2025-11-18 03:32:52,224 - plugins.docker_client - INFO - Получено 9 контейнеров
2025-11-18 03:32:52,224 - docker_discoverer - INFO - Docker discoverer обнаружил 9 контейнеров
2025-11-18 03:32:52,225 - svc_app_discoverer - ERROR - Требуемые директории не существуют. app_root=/site/app, htdoc_root=/site/share/htdoc
2025-11-18 03:33:52,541 - plugins.docker_client - INFO - Получено 9 контейнеров
2025-11-18 03:33:52,541 - docker_discoverer - INFO - Docker discoverer обнаружил 9 контейнеров
2025-11-18 03:33:52,541 - svc_app_discoverer - ERROR - Требуемые директории не существуют. app_root=/site/app, htdoc_root=/site/share/htdoc
2025-11-18 03:34:52,849 - plugins.docker_client - INFO - Получено 9 контейнеров
2025-11-18 03:34:52,849 - docker_discoverer - INFO - Docker discoverer обнаружил 9 контейнеров
2025-11-18 03:34:52,850 - svc_app_discoverer - ERROR - Требуемые директории не существуют. app_root=/site/app, htdoc_root=/site/share/htdoc
2025-11-18 03:35:53,163 - plugins.docker_client - INFO - Получено 9 контейнеров
2025-11-18 03:35:53,163 - docker_discoverer - INFO - Docker discoverer обнаружил 9 контейнеров
2025-11-18 03:35:53,163 - svc_app_discoverer - ERROR - Требуемые директории не существуют. app_root=/site/app, htdoc_root=/site/share/htdoc
2025-11-18 03:36:53,476 - plugins.docker_client - INFO - Получено 9 контейнеров
2025-11-18 03:36:53,476 - docker_discoverer - INFO - Docker discoverer обнаружил 9 контейнеров
2025-11-18 03:36:53,476 - svc_app_discoverer - ERROR - Требуемые директории не существуют. app_root=/site/app, htdoc_root=/site/share/htdoc
2025-11-18 03:37:53,779 - plugins.docker_client - INFO - Получено 9 контейнеров
2025-11-18 03:37:53,780 - docker_discoverer - INFO - Docker discoverer обнаружил 9 контейнеров
2025-11-18 03:37:53,780 - svc_app_discoverer - ERROR - Требуемые директории не существуют. app_root=/site/app, htdoc_root=/site/share/htdoc
2025-11-18 03:38:54,091 - plugins.docker_client - INFO - Получено 9 контейнеров
2025-11-18 03:38:54,092 - docker_discoverer - INFO - Docker discoverer обнаружил 9 контейнеров
2025-11-18 03:38:54,092 - svc_app_discoverer - ERROR - Требуемые директории не существуют. app_root=/site/app, htdoc_root=/site/share/htdoc
2025-11-18 03:39:54,406 - plugins.docker_client - INFO - Получено 9 контейнеров
2025-11-18 03:39:54,406 - docker_discoverer - INFO - Docker discoverer обнаружил 9 контейнеров
2025-11-18 03:39:54,406 - svc_app_discoverer - ERROR - Требуемые директории не существуют. app_root=/site/app, htdoc_root=/site/share/htdoc
2025-11-18 03:40:54,712 - plugins.docker_client - INFO - Получено 9 контейнеров
2025-11-18 03:40:54,712 - docker_discoverer - INFO - Docker discoverer обнаружил 9 контейнеров
2025-11-18 03:40:54,712 - svc_app_discoverer - ERROR - Требуемые директории не существуют. app_root=/site/app, htdoc_root=/site/share/htdoc
2025-11-18 03:41:55,015 - plugins.docker_client - INFO - Получено 9 контейнеров
2025-11-18 03:41:55,015 - docker_discoverer - INFO - Docker discoverer обнаружил 9 контейнеров
2025-11-18 03:41:55,015 - svc_app_discoverer - ERROR - Требуемые директории не существуют. app_root=/site/app, htdoc_root=/site/share/htdoc
2025-11-18 03:42:55,315 - plugins.docker_client - INFO - Получено 9 контейнеров
2025-11-18 03:42:55,315 - docker_discoverer - INFO - Docker discoverer обнаружил 9 контейнеров
2025-11-18 03:42:55,315 - svc_app_discoverer - ERROR - Требуемые директории не существуют. app_root=/site/app, htdoc_root=/site/share/htdoc
2025-11-18 03:43:55,615 - plugins.docker_client - INFO - Получено 9 контейнеров
2025-11-18 03:43:55,616 - docker_discoverer - INFO - Docker discoverer обнаружил 9 контейнеров
2025-11-18 03:43:55,616 - svc_app_discoverer - ERROR - Требуемые директории не существуют. app_root=/site/app, htdoc_root=/site/share/htdoc
2025-11-18 03:44:55,923 - plugins.docker_client - INFO - Получено 9 контейнеров
2025-11-18 03:44:55,923 - docker_discoverer - INFO - Docker discoverer обнаружил 9 контейнеров
2025-11-18 03:44:55,923 - svc_app_discoverer - ERROR - Требуемые директории не существуют. app_root=/site/app, htdoc_root=/site/share/htdoc
2025-11-18 03:45:56,237 - plugins.docker_client - INFO - Получено 9 контейнеров
2025-11-18 03:45:56,237 - docker_discoverer - INFO - Docker discoverer обнаружил 9 контейнеров
2025-11-18 03:45:56,237 - svc_app_discoverer - ERROR - Требуемые директории не существуют. app_root=/site/app, htdoc_root=/site/share/htdoc
2025-11-18 03:46:56,539 - plugins.docker_client - INFO - Получено 9 контейнеров
2025-11-18 03:46:56,539 - docker_discoverer - INFO - Docker discoverer обнаружил 9 контейнеров
2025-11-18 03:46:56,540 - svc_app_discoverer - ERROR - Требуемые директории не существуют. app_root=/site/app, htdoc_root=/site/share/htdoc
2025-11-18 03:47:56,855 - plugins.docker_client - INFO - Получено 9 контейнеров
2025-11-18 03:47:56,855 - docker_discoverer - INFO - Docker discoverer обнаружил 9 контейнеров
2025-11-18 03:47:56,855 - svc_app_discoverer - ERROR - Требуемые директории не существуют. app_root=/site/app, htdoc_root=/site/share/htdoc
2025-11-18 03:48:57,176 - plugins.docker_client - INFO - Получено 9 контейнеров
2025-11-18 03:48:57,176 - docker_discoverer - INFO - Docker discoverer обнаружил 9 контейнеров
2025-11-18 03:48:57,176 - svc_app_discoverer - ERROR - Требуемые директории не существуют. app_root=/site/app, htdoc_root=/site/share/htdoc
2025-11-18 03:49:57,488 - plugins.docker_client - INFO - Получено 9 контейнеров
2025-11-18 03:49:57,488 - docker_discoverer - INFO - Docker discoverer обнаружил 9 контейнеров
2025-11-18 03:49:57,488 - svc_app_discoverer - ERROR - Требуемые директории не существуют. app_root=/site/app, htdoc_root=/site/share/htdoc
2025-11-18 03:50:57,801 - plugins.docker_client - INFO - Получено 9 контейнеров
2025-11-18 03:50:57,802 - docker_discoverer - INFO - Docker discoverer обнаружил 9 контейнеров
2025-11-18 03:50:57,802 - svc_app_discoverer - ERROR - Требуемые директории не существуют. app_root=/site/app, htdoc_root=/site/share/htdoc
2025-11-18 03:51:58,114 - plugins.docker_client - INFO - Получено 9 контейнеров
2025-11-18 03:51:58,114 - docker_discoverer - INFO - Docker discoverer обнаружил 9 контейнеров
2025-11-18 03:51:58,114 - svc_app_discoverer - ERROR - Требуемые директории не существуют. app_root=/site/app, htdoc_root=/site/share/htdoc
2025-11-18 03:52:58,429 - plugins.docker_client - INFO - Получено 9 контейнеров
2025-11-18 03:52:58,429 - docker_discoverer - INFO - Docker discoverer обнаружил 9 контейнеров
2025-11-18 03:52:58,429 - svc_app_discoverer - ERROR - Требуемые директории не существуют. app_root=/site/app, htdoc_root=/site/share/htdoc
2025-11-18 03:53:58,740 - plugins.docker_client - INFO - Получено 9 контейнеров
2025-11-18 03:53:58,740 - docker_discoverer - INFO - Docker discoverer обнаружил 9 контейнеров
2025-11-18 03:53:58,740 - svc_app_discoverer - ERROR - Требуемые директории не существуют. app_root=/site/app, htdoc_root=/site/share/htdoc
2025-11-18 03:54:59,053 - plugins.docker_client - INFO - Получено 9 контейнеров
2025-11-18 03:54:59,054 - docker_discoverer - INFO - Docker discoverer обнаружил 9 контейнеров
2025-11-18 03:54:59,054 - svc_app_discoverer - ERROR - Требуемые директории не существуют. app_root=/site/app, htdoc_root=/site/share/htdoc
2025-11-18 03:55:59,360 - plugins.docker_client - INFO - Получено 9 контейнеров
2025-11-18 03:55:59,360 - docker_discoverer - INFO - Docker discoverer обнаружил 9 контейнеров
2025-11-18 03:55:59,360 - svc_app_discoverer - ERROR - Требуемые директории не существуют. app_root=/site/app, htdoc_root=/site/share/htdoc
2025-11-18 03:56:59,673 - plugins.docker_client - INFO - Получено 9 контейнеров
2025-11-18 03:56:59,673 - docker_discoverer - INFO - Docker discoverer обнаружил 9 контейнеров
2025-11-18 03:56:59,673 - svc_app_discoverer - ERROR - Требуемые директории не существуют. app_root=/site/app, htdoc_root=/site/share/htdoc
2025-11-18 03:57:59,975 - plugins.docker_client - INFO - Получено 9 контейнеров
2025-11-18 03:57:59,975 - docker_discoverer - INFO - Docker discoverer обнаружил 9 контейнеров
2025-11-18 03:57:59,975 - svc_app_discoverer - ERROR - Требуемые директории не существуют. app_root=/site/app, htdoc_root=/site/share/htdoc
2025-11-18 03:59:00,275 - plugins.docker_client - INFO - Получено 9 контейнеров
2025-11-18 03:59:00,275 - docker_discoverer - INFO - Docker discoverer обнаружил 9 контейнеров
2025-11-18 03:59:00,276 - svc_app_discoverer - ERROR - Требуемые директории не существуют. app_root=/site/app, htdoc_root=/site/share/htdoc
2025-11-18 04:00:00,580 - plugins.docker_client - INFO - Получено 9 контейнеров
2025-11-18 04:00:00,580 - docker_discoverer - INFO - Docker discoverer обнаружил 9 контейнеров
2025-11-18 04:00:00,580 - svc_app_discoverer - ERROR - Требуемые директории не существуют. app_root=/site/app, htdoc_root=/site/share/htdoc
2025-11-18 04:01:00,880 - plugins.docker_client - INFO - Получено 9 контейнеров
2025-11-18 04:01:00,880 - docker_discoverer - INFO - Docker discoverer обнаружил 9 контейнеров
2025-11-18 04:01:00,880 - svc_app_discoverer - ERROR - Требуемые директории не существуют. app_root=/site/app, htdoc_root=/site/share/htdoc
2025-11-18 04:02:01,176 - plugins.docker_client - INFO - Получено 9 контейнеров
2025-11-18 04:02:01,176 - docker_discoverer - INFO - Docker discoverer обнаружил 9 контейнеров
2025-11-18 04:02:01,177 - svc_app_discoverer - ERROR - Требуемые директории не существуют. app_root=/site/app, htdoc_root=/site/share/htdoc
2025-11-18 04:03:01,480 - plugins.docker_client - INFO - Получено 9 контейнеров
2025-11-18 04:03:01,480 - docker_discoverer - INFO - Docker discoverer обнаружил 9 контейнеров
2025-11-18 04:03:01,480 - svc_app_discoverer - ERROR - Требуемые директории не существуют. app_root=/site/app, htdoc_root=/site/share/htdoc
2025-11-18 04:04:01,784 - plugins.docker_client - INFO - Получено 9 контейнеров
2025-11-18 04:04:01,784 - docker_discoverer - INFO - Docker discoverer обнаружил 9 контейнеров
2025-11-18 04:04:01,784 - svc_app_discoverer - ERROR - Требуемые директории не существуют. app_root=/site/app, htdoc_root=/site/share/htdoc
2025-11-18 04:05:02,086 - plugins.docker_client - INFO - Получено 9 контейнеров
2025-11-18 04:05:02,086 - docker_discoverer - INFO - Docker discoverer обнаружил 9 контейнеров
2025-11-18 04:05:02,086 - svc_app_discoverer - ERROR - Требуемые директории не существуют. app_root=/site/app, htdoc_root=/site/share/htdoc
2025-11-18 04:06:02,382 - plugins.docker_client - INFO - Получено 9 контейнеров
2025-11-18 04:06:02,382 - docker_discoverer - INFO - Docker discoverer обнаружил 9 контейнеров
2025-11-18 04:06:02,382 - svc_app_discoverer - ERROR - Требуемые директории не существуют. app_root=/site/app, htdoc_root=/site/share/htdoc
2025-11-18 04:07:02,684 - plugins.docker_client - INFO - Получено 9 контейнеров
2025-11-18 04:07:02,684 - docker_discoverer - INFO - Docker discoverer обнаружил 9 контейнеров
2025-11-18 04:07:02,684 - svc_app_discoverer - ERROR - Требуемые директории не существуют. app_root=/site/app, htdoc_root=/site/share/htdoc
2025-11-18 04:08:02,987 - plugins.docker_client - INFO - Получено 9 контейнеров
2025-11-18 04:08:02,988 - docker_discoverer - INFO - Docker discoverer обнаружил 9 контейнеров
2025-11-18 04:08:02,988 - svc_app_discoverer - ERROR - Требуемые директории не существуют. app_root=/site/app, htdoc_root=/site/share/htdoc
2025-11-18 04:09:03,292 - plugins.docker_client - INFO - Получено 9 контейнеров
2025-11-18 04:09:03,292 - docker_discoverer - INFO - Docker discoverer обнаружил 9 контейнеров
2025-11-18 04:09:03,292 - svc_app_discoverer - ERROR - Требуемые директории не существуют. app_root=/site/app, htdoc_root=/site/share/htdoc
2025-11-18 04:10:03,601 - plugins.docker_client - INFO - Получено 9 контейнеров
2025-11-18 04:10:03,601 - docker_discoverer - INFO - Docker discoverer обнаружил 9 контейнеров
2025-11-18 04:10:03,601 - svc_app_discoverer - ERROR - Требуемые директории не существуют. app_root=/site/app, htdoc_root=/site/share/htdoc
2025-11-18 04:11:03,901 - plugins.docker_client - INFO - Получено 9 контейнеров
2025-11-18 04:11:03,901 - docker_discoverer - INFO - Docker discoverer обнаружил 9 контейнеров
2025-11-18 04:11:03,901 - svc_app_discoverer - ERROR - Требуемые директории не существуют. app_root=/site/app, htdoc_root=/site/share/htdoc
2025-11-18 04:12:04,198 - plugins.docker_client - INFO - Получено 9 контейнеров
2025-11-18 04:12:04,199 - docker_discoverer - INFO - Docker discoverer обнаружил 9 контейнеров
2025-11-18 04:12:04,199 - svc_app_discoverer - ERROR - Требуемые директории не существуют. app_root=/site/app, htdoc_root=/site/share/htdoc
2025-11-18 04:13:04,502 - plugins.docker_client - INFO - Получено 9 контейнеров
2025-11-18 04:13:04,503 - docker_discoverer - INFO - Docker discoverer обнаружил 9 контейнеров
2025-11-18 04:13:04,503 - svc_app_discoverer - ERROR - Требуемые директории не существуют. app_root=/site/app, htdoc_root=/site/share/htdoc
2025-11-18 04:14:04,803 - plugins.docker_client - INFO - Получено 9 контейнеров
2025-11-18 04:14:04,803 - docker_discoverer - INFO - Docker discoverer обнаружил 9 контейнеров
2025-11-18 04:14:04,803 - svc_app_discoverer - ERROR - Требуемые директории не существуют. app_root=/site/app, htdoc_root=/site/share/htdoc
2025-11-18 04:15:05,109 - plugins.docker_client - INFO - Получено 9 контейнеров
2025-11-18 04:15:05,110 - docker_discoverer - INFO - Docker discoverer обнаружил 9 контейнеров
2025-11-18 04:15:05,110 - svc_app_discoverer - ERROR - Требуемые директории не существуют. app_root=/site/app, htdoc_root=/site/share/htdoc
2025-11-18 04:16:05,419 - plugins.docker_client - INFO - Получено 9 контейнеров
2025-11-18 04:16:05,419 - docker_discoverer - INFO - Docker discoverer обнаружил 9 контейнеров
2025-11-18 04:16:05,420 - svc_app_discoverer - ERROR - Требуемые директории не существуют. app_root=/site/app, htdoc_root=/site/share/htdoc
2025-11-18 04:17:05,721 - plugins.docker_client - INFO - Получено 9 контейнеров
2025-11-18 04:17:05,722 - docker_discoverer - INFO - Docker discoverer обнаружил 9 контейнеров
2025-11-18 04:17:05,722 - svc_app_discoverer - ERROR - Требуемые директории не существуют. app_root=/site/app, htdoc_root=/site/share/htdoc
2025-11-18 04:18:06,019 - plugins.docker_client - INFO - Получено 9 контейнеров
2025-11-18 04:18:06,019 - docker_discoverer - INFO - Docker discoverer обнаружил 9 контейнеров
2025-11-18 04:18:06,020 - svc_app_discoverer - ERROR - Требуемые директории не существуют. app_root=/site/app, htdoc_root=/site/share/htdoc
2025-11-18 04:19:06,325 - plugins.docker_client - INFO - Получено 9 контейнеров
2025-11-18 04:19:06,325 - docker_discoverer - INFO - Docker discoverer обнаружил 9 контейнеров
2025-11-18 04:19:06,325 - svc_app_discoverer - ERROR - Требуемые директории не существуют. app_root=/site/app, htdoc_root=/site/share/htdoc
2025-11-18 04:20:06,622 - plugins.docker_client - INFO - Получено 9 контейнеров
2025-11-18 04:20:06,622 - docker_discoverer - INFO - Docker discoverer обнаружил 9 контейнеров
2025-11-18 04:20:06,622 - svc_app_discoverer - ERROR - Требуемые директории не существуют. app_root=/site/app, htdoc_root=/site/share/htdoc
2025-11-18 04:21:06,918 - plugins.docker_client - INFO - Получено 9 контейнеров
2025-11-18 04:21:06,918 - docker_discoverer - INFO - Docker discoverer обнаружил 9 контейнеров
2025-11-18 04:21:06,918 - svc_app_discoverer - ERROR - Требуемые директории не существуют. app_root=/site/app, htdoc_root=/site/share/htdoc
2025-11-18 04:22:07,223 - plugins.docker_client - INFO - Получено 9 контейнеров
2025-11-18 04:22:07,224 - docker_discoverer - INFO - Docker discoverer обнаружил 9 контейнеров
2025-11-18 04:22:07,224 - svc_app_discoverer - ERROR - Требуемые директории не существуют. app_root=/site/app, htdoc_root=/site/share/htdoc
2025-11-18 04:23:07,526 - plugins.docker_client - INFO - Получено 9 контейнеров
2025-11-18 04:23:07,526 - docker_discoverer - INFO - Docker discoverer обнаружил 9 контейнеров
2025-11-18 04:23:07,526 - svc_app_discoverer - ERROR - Требуемые директории не существуют. app_root=/site/app, htdoc_root=/site/share/htdoc
2025-11-18 04:24:07,831 - plugins.docker_client - INFO - Получено 9 контейнеров
2025-11-18 04:24:07,831 - docker_discoverer - INFO - Docker discoverer обнаружил 9 контейнеров
2025-11-18 04:24:07,831 - svc_app_discoverer - ERROR - Требуемые директории не существуют. app_root=/site/app, htdoc_root=/site/share/htdoc
2025-11-18 04:25:08,132 - plugins.docker_client - INFO - Получено 9 контейнеров
2025-11-18 04:25:08,132 - docker_discoverer - INFO - Docker discoverer обнаружил 9 контейнеров
2025-11-18 04:25:08,133 - svc_app_discoverer - ERROR - Требуемые директории не существуют. app_root=/site/app, htdoc_root=/site/share/htdoc
2025-11-18 04:26:08,432 - plugins.docker_client - INFO - Получено 9 контейнеров
2025-11-18 04:26:08,433 - docker_discoverer - INFO - Docker discoverer обнаружил 9 контейнеров
2025-11-18 04:26:08,433 - svc_app_discoverer - ERROR - Требуемые директории не существуют. app_root=/site/app, htdoc_root=/site/share/htdoc
2025-11-18 04:27:08,730 - plugins.docker_client - INFO - Получено 9 контейнеров
2025-11-18 04:27:08,730 - docker_discoverer - INFO - Docker discoverer обнаружил 9 контейнеров
2025-11-18 04:27:08,730 - svc_app_discoverer - ERROR - Требуемые директории не существуют. app_root=/site/app, htdoc_root=/site/share/htdoc
2025-11-18 04:28:09,037 - plugins.docker_client - INFO - Получено 9 контейнеров
2025-11-18 04:28:09,037 - docker_discoverer - INFO - Docker discoverer обнаружил 9 контейнеров
2025-11-18 04:28:09,037 - svc_app_discoverer - ERROR - Требуемые директории не существуют. app_root=/site/app, htdoc_root=/site/share/htdoc
2025-11-18 04:29:09,342 - plugins.docker_client - INFO - Получено 9 контейнеров
2025-11-18 04:29:09,342 - docker_discoverer - INFO - Docker discoverer обнаружил 9 контейнеров
2025-11-18 04:29:09,342 - svc_app_discoverer - ERROR - Требуемые директории не существуют. app_root=/site/app, htdoc_root=/site/share/htdoc
2025-11-18 04:30:09,644 - plugins.docker_client - INFO - Получено 9 контейнеров
2025-11-18 04:30:09,644 - docker_discoverer - INFO - Docker discoverer обнаружил 9 контейнеров
2025-11-18 04:30:09,644 - svc_app_discoverer - ERROR - Требуемые директории не существуют. app_root=/site/app, htdoc_root=/site/share/htdoc
2025-11-18 04:31:09,949 - plugins.docker_client - INFO - Получено 9 контейнеров
2025-11-18 04:31:09,949 - docker_discoverer - INFO - Docker discoverer обнаружил 9 контейнеров
2025-11-18 04:31:09,949 - svc_app_discoverer - ERROR - Требуемые директории не существуют. app_root=/site/app, htdoc_root=/site/share/htdoc
2025-11-18 04:32:10,255 - plugins.docker_client - INFO - Получено 9 контейнеров
2025-11-18 04:32:10,255 - docker_discoverer - INFO - Docker discoverer обнаружил 9 контейнеров
2025-11-18 04:32:10,255 - svc_app_discoverer - ERROR - Требуемые директории не существуют. app_root=/site/app, htdoc_root=/site/share/htdoc
2025-11-18 04:33:10,553 - plugins.docker_client - INFO - Получено 9 контейнеров
2025-11-18 04:33:10,553 - docker_discoverer - INFO - Docker discoverer обнаружил 9 контейнеров
2025-11-18 04:33:10,553 - svc_app_discoverer - ERROR - Требуемые директории не существуют. app_root=/site/app, htdoc_root=/site/share/htdoc
2025-11-18 04:34:10,854 - plugins.docker_client - INFO - Получено 9 контейнеров
2025-11-18 04:34:10,854 - docker_discoverer - INFO - Docker discoverer обнаружил 9 контейнеров
2025-11-18 04:34:10,854 - svc_app_discoverer - ERROR - Требуемые директории не существуют. app_root=/site/app, htdoc_root=/site/share/htdoc
2025-11-18 04:35:11,156 - plugins.docker_client - INFO - Получено 9 контейнеров
2025-11-18 04:35:11,156 - docker_discoverer - INFO - Docker discoverer обнаружил 9 контейнеров
2025-11-18 04:35:11,156 - svc_app_discoverer - ERROR - Требуемые директории не существуют. app_root=/site/app, htdoc_root=/site/share/htdoc
2025-11-18 04:36:11,459 - plugins.docker_client - INFO - Получено 9 контейнеров
2025-11-18 04:36:11,459 - docker_discoverer - INFO - Docker discoverer обнаружил 9 контейнеров
2025-11-18 04:36:11,459 - svc_app_discoverer - ERROR - Требуемые директории не существуют. app_root=/site/app, htdoc_root=/site/share/htdoc
2025-11-18 04:37:11,761 - plugins.docker_client - INFO - Получено 9 контейнеров
2025-11-18 04:37:11,761 - docker_discoverer - INFO - Docker discoverer обнаружил 9 контейнеров
2025-11-18 04:37:11,761 - svc_app_discoverer - ERROR - Требуемые директории не существуют. app_root=/site/app, htdoc_root=/site/share/htdoc
2025-11-18 04:38:12,061 - plugins.docker_client - INFO - Получено 9 контейнеров
2025-11-18 04:38:12,062 - docker_discoverer - INFO - Docker discoverer обнаружил 9 контейнеров
2025-11-18 04:38:12,062 - svc_app_discoverer - ERROR - Требуемые директории не существуют. app_root=/site/app, htdoc_root=/site/share/htdoc
2025-11-18 04:39:12,371 - plugins.docker_client - INFO - Получено 9 контейнеров
2025-11-18 04:39:12,371 - docker_discoverer - INFO - Docker discoverer обнаружил 9 контейнеров
2025-11-18 04:39:12,371 - svc_app_discoverer - ERROR - Требуемые директории не существуют. app_root=/site/app, htdoc_root=/site/share/htdoc
2025-11-18 04:40:12,671 - plugins.docker_client - INFO - Получено 9 контейнеров
2025-11-18 04:40:12,672 - docker_discoverer - INFO - Docker discoverer обнаружил 9 контейнеров
2025-11-18 04:40:12,672 - svc_app_discoverer - ERROR - Требуемые директории не существуют. app_root=/site/app, htdoc_root=/site/share/htdoc
2025-11-18 04:41:12,975 - plugins.docker_client - INFO - Получено 9 контейнеров
2025-11-18 04:41:12,975 - docker_discoverer - INFO - Docker discoverer обнаружил 9 контейнеров
2025-11-18 04:41:12,975 - svc_app_discoverer - ERROR - Требуемые директории не существуют. app_root=/site/app, htdoc_root=/site/share/htdoc
2025-11-18 04:42:13,280 - plugins.docker_client - INFO - Получено 9 контейнеров
2025-11-18 04:42:13,280 - docker_discoverer - INFO - Docker discoverer обнаружил 9 контейнеров
2025-11-18 04:42:13,281 - svc_app_discoverer - ERROR - Требуемые директории не существуют. app_root=/site/app, htdoc_root=/site/share/htdoc
2025-11-18 04:43:13,588 - plugins.docker_client - INFO - Получено 9 контейнеров
2025-11-18 04:43:13,588 - docker_discoverer - INFO - Docker discoverer обнаружил 9 контейнеров
2025-11-18 04:43:13,588 - svc_app_discoverer - ERROR - Требуемые директории не существуют. app_root=/site/app, htdoc_root=/site/share/htdoc
2025-11-18 04:44:13,888 - plugins.docker_client - INFO - Получено 9 контейнеров
2025-11-18 04:44:13,888 - docker_discoverer - INFO - Docker discoverer обнаружил 9 контейнеров
2025-11-18 04:44:13,888 - svc_app_discoverer - ERROR - Требуемые директории не существуют. app_root=/site/app, htdoc_root=/site/share/htdoc
2025-11-18 04:45:14,188 - plugins.docker_client - INFO - Получено 9 контейнеров
2025-11-18 04:45:14,188 - docker_discoverer - INFO - Docker discoverer обнаружил 9 контейнеров
2025-11-18 04:45:14,188 - svc_app_discoverer - ERROR - Требуемые директории не существуют. app_root=/site/app, htdoc_root=/site/share/htdoc
2025-11-18 04:46:14,491 - plugins.docker_client - INFO - Получено 9 контейнеров
2025-11-18 04:46:14,491 - docker_discoverer - INFO - Docker discoverer обнаружил 9 контейнеров
2025-11-18 04:46:14,491 - svc_app_discoverer - ERROR - Требуемые директории не существуют. app_root=/site/app, htdoc_root=/site/share/htdoc
2025-11-18 04:47:14,789 - plugins.docker_client - INFO - Получено 9 контейнеров
2025-11-18 04:47:14,789 - docker_discoverer - INFO - Docker discoverer обнаружил 9 контейнеров
2025-11-18 04:47:14,790 - svc_app_discoverer - ERROR - Требуемые директории не существуют. app_root=/site/app, htdoc_root=/site/share/htdoc
2025-11-18 04:48:15,080 - plugins.docker_client - INFO - Получено 9 контейнеров
2025-11-18 04:48:15,081 - docker_discoverer - INFO - Docker discoverer обнаружил 9 контейнеров
2025-11-18 04:48:15,081 - svc_app_discoverer - ERROR - Требуемые директории не существуют. app_root=/site/app, htdoc_root=/site/share/htdoc
2025-11-18 04:49:15,378 - plugins.docker_client - INFO - Получено 9 контейнеров
2025-11-18 04:49:15,378 - docker_discoverer - INFO - Docker discoverer обнаружил 9 контейнеров
2025-11-18 04:49:15,378 - svc_app_discoverer - ERROR - Требуемые директории не существуют. app_root=/site/app, htdoc_root=/site/share/htdoc
2025-11-18 04:50:15,682 - plugins.docker_client - INFO - Получено 9 контейнеров
2025-11-18 04:50:15,683 - docker_discoverer - INFO - Docker discoverer обнаружил 9 контейнеров
2025-11-18 04:50:15,683 - svc_app_discoverer - ERROR - Требуемые директории не существуют. app_root=/site/app, htdoc_root=/site/share/htdoc
2025-11-18 04:51:16,006 - plugins.docker_client - INFO - Получено 9 контейнеров
2025-11-18 04:51:16,007 - docker_discoverer - INFO - Docker discoverer обнаружил 9 контейнеров
2025-11-18 04:51:16,007 - svc_app_discoverer - ERROR - Требуемые директории не существуют. app_root=/site/app, htdoc_root=/site/share/htdoc
2025-11-18 04:52:16,314 - plugins.docker_client - INFO - Получено 9 контейнеров
2025-11-18 04:52:16,314 - docker_discoverer - INFO - Docker discoverer обнаружил 9 контейнеров
2025-11-18 04:52:16,314 - svc_app_discoverer - ERROR - Требуемые директории не существуют. app_root=/site/app, htdoc_root=/site/share/htdoc
2025-11-18 04:53:16,645 - plugins.docker_client - INFO - Получено 9 контейнеров
2025-11-18 04:53:16,645 - docker_discoverer - INFO - Docker discoverer обнаружил 9 контейнеров
2025-11-18 04:53:16,645 - svc_app_discoverer - ERROR - Требуемые директории не существуют. app_root=/site/app, htdoc_root=/site/share/htdoc
2025-11-18 04:54:16,949 - plugins.docker_client - INFO - Получено 9 контейнеров
2025-11-18 04:54:16,949 - docker_discoverer - INFO - Docker discoverer обнаружил 9 контейнеров
2025-11-18 04:54:16,949 - svc_app_discoverer - ERROR - Требуемые директории не существуют. app_root=/site/app, htdoc_root=/site/share/htdoc
2025-11-18 04:55:17,284 - plugins.docker_client - INFO - Получено 9 контейнеров
2025-11-18 04:55:17,284 - docker_discoverer - INFO - Docker discoverer обнаружил 9 контейнеров
2025-11-18 04:55:17,284 - svc_app_discoverer - ERROR - Требуемые директории не существуют. app_root=/site/app, htdoc_root=/site/share/htdoc
2025-11-18 04:56:17,595 - plugins.docker_client - INFO - Получено 9 контейнеров
2025-11-18 04:56:17,595 - docker_discoverer - INFO - Docker discoverer обнаружил 9 контейнеров
2025-11-18 04:56:17,595 - svc_app_discoverer - ERROR - Требуемые директории не существуют. app_root=/site/app, htdoc_root=/site/share/htdoc
2025-11-18 04:57:17,904 - plugins.docker_client - INFO - Получено 9 контейнеров
2025-11-18 04:57:17,904 - docker_discoverer - INFO - Docker discoverer обнаружил 9 контейнеров
2025-11-18 04:57:17,904 - svc_app_discoverer - ERROR - Требуемые директории не существуют. app_root=/site/app, htdoc_root=/site/share/htdoc
2025-11-18 04:58:18,204 - plugins.docker_client - INFO - Получено 9 контейнеров
2025-11-18 04:58:18,204 - docker_discoverer - INFO - Docker discoverer обнаружил 9 контейнеров
2025-11-18 04:58:18,204 - svc_app_discoverer - ERROR - Требуемые директории не существуют. app_root=/site/app, htdoc_root=/site/share/htdoc
2025-11-18 04:59:18,502 - plugins.docker_client - INFO - Получено 9 контейнеров
2025-11-18 04:59:18,502 - docker_discoverer - INFO - Docker discoverer обнаружил 9 контейнеров
2025-11-18 04:59:18,502 - svc_app_discoverer - ERROR - Требуемые директории не существуют. app_root=/site/app, htdoc_root=/site/share/htdoc
2025-11-18 05:00:18,799 - plugins.docker_client - INFO - Получено 9 контейнеров
2025-11-18 05:00:18,800 - docker_discoverer - INFO - Docker discoverer обнаружил 9 контейнеров
2025-11-18 05:00:18,800 - svc_app_discoverer - ERROR - Требуемые директории не существуют. app_root=/site/app, htdoc_root=/site/share/htdoc
2025-11-18 05:01:19,105 - plugins.docker_client - INFO - Получено 9 контейнеров
2025-11-18 05:01:19,105 - docker_discoverer - INFO - Docker discoverer обнаружил 9 контейнеров
2025-11-18 05:01:19,105 - svc_app_discoverer - ERROR - Требуемые директории не существуют. app_root=/site/app, htdoc_root=/site/share/htdoc
2025-11-18 05:02:19,406 - plugins.docker_client - INFO - Получено 9 контейнеров
2025-11-18 05:02:19,406 - docker_discoverer - INFO - Docker discoverer обнаружил 9 контейнеров
2025-11-18 05:02:19,406 - svc_app_discoverer - ERROR - Требуемые директории не существуют. app_root=/site/app, htdoc_root=/site/share/htdoc
2025-11-18 05:03:19,705 - plugins.docker_client - INFO - Получено 9 контейнеров
2025-11-18 05:03:19,705 - docker_discoverer - INFO - Docker discoverer обнаружил 9 контейнеров
2025-11-18 05:03:19,705 - svc_app_discoverer - ERROR - Требуемые директории не существуют. app_root=/site/app, htdoc_root=/site/share/htdoc
2025-11-18 05:04:20,005 - plugins.docker_client - INFO - Получено 9 контейнеров
2025-11-18 05:04:20,005 - docker_discoverer - INFO - Docker discoverer обнаружил 9 контейнеров
2025-11-18 05:04:20,005 - svc_app_discoverer - ERROR - Требуемые директории не существуют. app_root=/site/app, htdoc_root=/site/share/htdoc
2025-11-18 05:05:20,314 - plugins.docker_client - INFO - Получено 9 контейнеров
2025-11-18 05:05:20,314 - docker_discoverer - INFO - Docker discoverer обнаружил 9 контейнеров
2025-11-18 05:05:20,314 - svc_app_discoverer - ERROR - Требуемые директории не существуют. app_root=/site/app, htdoc_root=/site/share/htdoc
2025-11-18 05:06:20,616 - plugins.docker_client - INFO - Получено 9 контейнеров
2025-11-18 05:06:20,617 - docker_discoverer - INFO - Docker discoverer обнаружил 9 контейнеров
2025-11-18 05:06:20,617 - svc_app_discoverer - ERROR - Требуемые директории не существуют. app_root=/site/app, htdoc_root=/site/share/htdoc
2025-11-18 05:07:20,911 - plugins.docker_client - INFO - Получено 9 контейнеров
2025-11-18 05:07:20,912 - docker_discoverer - INFO - Docker discoverer обнаружил 9 контейнеров
2025-11-18 05:07:20,912 - svc_app_discoverer - ERROR - Требуемые директории не существуют. app_root=/site/app, htdoc_root=/site/share/htdoc
2025-11-18 05:08:21,209 - plugins.docker_client - INFO - Получено 9 контейнеров
2025-11-18 05:08:21,209 - docker_discoverer - INFO - Docker discoverer обнаружил 9 контейнеров
2025-11-18 05:08:21,209 - svc_app_discoverer - ERROR - Требуемые директории не существуют. app_root=/site/app, htdoc_root=/site/share/htdoc
2025-11-18 05:09:21,509 - plugins.docker_client - INFO - Получено 9 контейнеров
2025-11-18 05:09:21,510 - docker_discoverer - INFO - Docker discoverer обнаружил 9 контейнеров
2025-11-18 05:09:21,510 - svc_app_discoverer - ERROR - Требуемые директории не существуют. app_root=/site/app, htdoc_root=/site/share/htdoc
2025-11-18 05:10:21,814 - plugins.docker_client - INFO - Получено 9 контейнеров
2025-11-18 05:10:21,814 - docker_discoverer - INFO - Docker discoverer обнаружил 9 контейнеров
2025-11-18 05:10:21,814 - svc_app_discoverer - ERROR - Требуемые директории не существуют. app_root=/site/app, htdoc_root=/site/share/htdoc
2025-11-18 05:11:22,124 - plugins.docker_client - INFO - Получено 9 контейнеров
2025-11-18 05:11:22,124 - docker_discoverer - INFO - Docker discoverer обнаружил 9 контейнеров
2025-11-18 05:11:22,124 - svc_app_discoverer - ERROR - Требуемые директории не существуют. app_root=/site/app, htdoc_root=/site/share/htdoc
2025-11-18 05:12:22,429 - plugins.docker_client - INFO - Получено 9 контейнеров
2025-11-18 05:12:22,429 - docker_discoverer - INFO - Docker discoverer обнаружил 9 контейнеров
2025-11-18 05:12:22,429 - svc_app_discoverer - ERROR - Требуемые директории не существуют. app_root=/site/app, htdoc_root=/site/share/htdoc
2025-11-18 05:13:22,723 - plugins.docker_client - INFO - Получено 9 контейнеров
2025-11-18 05:13:22,723 - docker_discoverer - INFO - Docker discoverer обнаружил 9 контейнеров
2025-11-18 05:13:22,723 - svc_app_discoverer - ERROR - Требуемые директории не существуют. app_root=/site/app, htdoc_root=/site/share/htdoc
2025-11-18 05:14:23,024 - plugins.docker_client - INFO - Получено 9 контейнеров
2025-11-18 05:14:23,024 - docker_discoverer - INFO - Docker discoverer обнаружил 9 контейнеров
2025-11-18 05:14:23,024 - svc_app_discoverer - ERROR - Требуемые директории не существуют. app_root=/site/app, htdoc_root=/site/share/htdoc
2025-11-18 05:15:23,322 - plugins.docker_client - INFO - Получено 9 контейнеров
2025-11-18 05:15:23,322 - docker_discoverer - INFO - Docker discoverer обнаружил 9 контейнеров
2025-11-18 05:15:23,322 - svc_app_discoverer - ERROR - Требуемые директории не существуют. app_root=/site/app, htdoc_root=/site/share/htdoc
2025-11-18 05:16:23,620 - plugins.docker_client - INFO - Получено 9 контейнеров
2025-11-18 05:16:23,620 - docker_discoverer - INFO - Docker discoverer обнаружил 9 контейнеров
2025-11-18 05:16:23,620 - svc_app_discoverer - ERROR - Требуемые директории не существуют. app_root=/site/app, htdoc_root=/site/share/htdoc
2025-11-18 05:17:23,920 - plugins.docker_client - INFO - Получено 9 контейнеров
2025-11-18 05:17:23,920 - docker_discoverer - INFO - Docker discoverer обнаружил 9 контейнеров
2025-11-18 05:17:23,920 - svc_app_discoverer - ERROR - Требуемые директории не существуют. app_root=/site/app, htdoc_root=/site/share/htdoc
2025-11-18 05:18:24,228 - plugins.docker_client - INFO - Получено 9 контейнеров
2025-11-18 05:18:24,228 - docker_discoverer - INFO - Docker discoverer обнаружил 9 контейнеров
2025-11-18 05:18:24,228 - svc_app_discoverer - ERROR - Требуемые директории не существуют. app_root=/site/app, htdoc_root=/site/share/htdoc
2025-11-18 05:19:24,528 - plugins.docker_client - INFO - Получено 9 контейнеров
2025-11-18 05:19:24,529 - docker_discoverer - INFO - Docker discoverer обнаружил 9 контейнеров
2025-11-18 05:19:24,529 - svc_app_discoverer - ERROR - Требуемые директории не существуют. app_root=/site/app, htdoc_root=/site/share/htdoc
2025-11-18 05:20:24,831 - plugins.docker_client - INFO - Получено 9 контейнеров
2025-11-18 05:20:24,831 - docker_discoverer - INFO - Docker discoverer обнаружил 9 контейнеров
2025-11-18 05:20:24,831 - svc_app_discoverer - ERROR - Требуемые директории не существуют. app_root=/site/app, htdoc_root=/site/share/htdoc
2025-11-18 05:21:25,132 - plugins.docker_client - INFO - Получено 9 контейнеров
2025-11-18 05:21:25,132 - docker_discoverer - INFO - Docker discoverer обнаружил 9 контейнеров
2025-11-18 05:21:25,132 - svc_app_discoverer - ERROR - Требуемые директории не существуют. app_root=/site/app, htdoc_root=/site/share/htdoc
2025-11-18 05:22:25,439 - plugins.docker_client - INFO - Получено 9 контейнеров
2025-11-18 05:22:25,439 - docker_discoverer - INFO - Docker discoverer обнаружил 9 контейнеров
2025-11-18 05:22:25,439 - svc_app_discoverer - ERROR - Требуемые директории не существуют. app_root=/site/app, htdoc_root=/site/share/htdoc
2025-11-18 05:23:25,741 - plugins.docker_client - INFO - Получено 9 контейнеров
2025-11-18 05:23:25,742 - docker_discoverer - INFO - Docker discoverer обнаружил 9 контейнеров
2025-11-18 05:23:25,742 - svc_app_discoverer - ERROR - Требуемые директории не существуют. app_root=/site/app, htdoc_root=/site/share/htdoc
2025-11-18 05:24:26,046 - plugins.docker_client - INFO - Получено 9 контейнеров
2025-11-18 05:24:26,046 - docker_discoverer - INFO - Docker discoverer обнаружил 9 контейнеров
2025-11-18 05:24:26,046 - svc_app_discoverer - ERROR - Требуемые директории не существуют. app_root=/site/app, htdoc_root=/site/share/htdoc
2025-11-18 05:25:26,345 - plugins.docker_client - INFO - Получено 9 контейнеров
2025-11-18 05:25:26,345 - docker_discoverer - INFO - Docker discoverer обнаружил 9 контейнеров
2025-11-18 05:25:26,345 - svc_app_discoverer - ERROR - Требуемые директории не существуют. app_root=/site/app, htdoc_root=/site/share/htdoc
2025-11-18 05:26:26,637 - plugins.docker_client - INFO - Получено 9 контейнеров
2025-11-18 05:26:26,637 - docker_discoverer - INFO - Docker discoverer обнаружил 9 контейнеров
2025-11-18 05:26:26,637 - svc_app_discoverer - ERROR - Требуемые директории не существуют. app_root=/site/app, htdoc_root=/site/share/htdoc
2025-11-18 05:27:26,936 - plugins.docker_client - INFO - Получено 9 контейнеров
2025-11-18 05:27:26,936 - docker_discoverer - INFO - Docker discoverer обнаружил 9 контейнеров
2025-11-18 05:27:26,936 - svc_app_discoverer - ERROR - Требуемые директории не существуют. app_root=/site/app, htdoc_root=/site/share/htdoc
2025-11-18 05:28:27,242 - plugins.docker_client - INFO - Получено 9 контейнеров
2025-11-18 05:28:27,243 - docker_discoverer - INFO - Docker discoverer обнаружил 9 контейнеров
2025-11-18 05:28:27,243 - svc_app_discoverer - ERROR - Требуемые директории не существуют. app_root=/site/app, htdoc_root=/site/share/htdoc
2025-11-18 05:29:27,549 - plugins.docker_client - INFO - Получено 9 контейнеров
2025-11-18 05:29:27,549 - docker_discoverer - INFO - Docker discoverer обнаружил 9 контейнеров
2025-11-18 05:29:27,549 - svc_app_discoverer - ERROR - Требуемые директории не существуют. app_root=/site/app, htdoc_root=/site/share/htdoc
2025-11-18 05:30:27,847 - plugins.docker_client - INFO - Получено 9 контейнеров
2025-11-18 05:30:27,848 - docker_discoverer - INFO - Docker discoverer обнаружил 9 контейнеров
2025-11-18 05:30:27,848 - svc_app_discoverer - ERROR - Требуемые директории не существуют. app_root=/site/app, htdoc_root=/site/share/htdoc
2025-11-18 05:31:28,152 - plugins.docker_client - INFO - Получено 9 контейнеров
2025-11-18 05:31:28,152 - docker_discoverer - INFO - Docker discoverer обнаружил 9 контейнеров
2025-11-18 05:31:28,152 - svc_app_discoverer - ERROR - Требуемые директории не существуют. app_root=/site/app, htdoc_root=/site/share/htdoc
2025-11-18 05:32:28,455 - plugins.docker_client - INFO - Получено 9 контейнеров
2025-11-18 05:32:28,456 - docker_discoverer - INFO - Docker discoverer обнаружил 9 контейнеров
2025-11-18 05:32:28,456 - svc_app_discoverer - ERROR - Требуемые директории не существуют. app_root=/site/app, htdoc_root=/site/share/htdoc
2025-11-18 05:33:28,754 - plugins.docker_client - INFO - Получено 9 контейнеров
2025-11-18 05:33:28,754 - docker_discoverer - INFO - Docker discoverer обнаружил 9 контейнеров
2025-11-18 05:33:28,754 - svc_app_discoverer - ERROR - Требуемые директории не существуют. app_root=/site/app, htdoc_root=/site/share/htdoc
2025-11-18 05:34:29,054 - plugins.docker_client - INFO - Получено 9 контейнеров
2025-11-18 05:34:29,054 - docker_discoverer - INFO - Docker discoverer обнаружил 9 контейнеров
2025-11-18 05:34:29,054 - svc_app_discoverer - ERROR - Требуемые директории не существуют. app_root=/site/app, htdoc_root=/site/share/htdoc
2025-11-18 05:35:29,361 - plugins.docker_client - INFO - Получено 9 контейнеров
2025-11-18 05:35:29,361 - docker_discoverer - INFO - Docker discoverer обнаружил 9 контейнеров
2025-11-18 05:35:29,361 - svc_app_discoverer - ERROR - Требуемые директории не существуют. app_root=/site/app, htdoc_root=/site/share/htdoc
2025-11-18 05:36:29,659 - plugins.docker_client - INFO - Получено 9 контейнеров
2025-11-18 05:36:29,659 - docker_discoverer - INFO - Docker discoverer обнаружил 9 контейнеров
2025-11-18 05:36:29,659 - svc_app_discoverer - ERROR - Требуемые директории не существуют. app_root=/site/app, htdoc_root=/site/share/htdoc
2025-11-18 05:37:29,959 - plugins.docker_client - INFO - Получено 9 контейнеров
2025-11-18 05:37:29,959 - docker_discoverer - INFO - Docker discoverer обнаружил 9 контейнеров
2025-11-18 05:37:29,959 - svc_app_discoverer - ERROR - Требуемые директории не существуют. app_root=/site/app, htdoc_root=/site/share/htdoc
2025-11-18 05:38:30,309 - plugins.docker_client - INFO - Получено 9 контейнеров
2025-11-18 05:38:30,309 - docker_discoverer - INFO - Docker discoverer обнаружил 9 контейнеров
2025-11-18 05:38:30,309 - svc_app_discoverer - ERROR - Требуемые директории не существуют. app_root=/site/app, htdoc_root=/site/share/htdoc
2025-11-18 05:39:30,602 - plugins.docker_client - INFO - Получено 9 контейнеров
2025-11-18 05:39:30,602 - docker_discoverer - INFO - Docker discoverer обнаружил 9 контейнеров
2025-11-18 05:39:30,602 - svc_app_discoverer - ERROR - Требуемые директории не существуют. app_root=/site/app, htdoc_root=/site/share/htdoc
2025-11-18 05:40:30,910 - plugins.docker_client - INFO - Получено 9 контейнеров
2025-11-18 05:40:30,910 - docker_discoverer - INFO - Docker discoverer обнаружил 9 контейнеров
2025-11-18 05:40:30,910 - svc_app_discoverer - ERROR - Требуемые директории не существуют. app_root=/site/app, htdoc_root=/site/share/htdoc
2025-11-18 05:41:31,212 - plugins.docker_client - INFO - Получено 9 контейнеров
2025-11-18 05:41:31,213 - docker_discoverer - INFO - Docker discoverer обнаружил 9 контейнеров
2025-11-18 05:41:31,213 - svc_app_discoverer - ERROR - Требуемые директории не существуют. app_root=/site/app, htdoc_root=/site/share/htdoc
2025-11-18 05:42:31,517 - plugins.docker_client - INFO - Получено 9 контейнеров
2025-11-18 05:42:31,517 - docker_discoverer - INFO - Docker discoverer обнаружил 9 контейнеров
2025-11-18 05:42:31,517 - svc_app_discoverer - ERROR - Требуемые директории не существуют. app_root=/site/app, htdoc_root=/site/share/htdoc
2025-11-18 05:43:31,820 - plugins.docker_client - INFO - Получено 9 контейнеров
2025-11-18 05:43:31,821 - docker_discoverer - INFO - Docker discoverer обнаружил 9 контейнеров
2025-11-18 05:43:31,821 - svc_app_discoverer - ERROR - Требуемые директории не существуют. app_root=/site/app, htdoc_root=/site/share/htdoc
2025-11-18 05:44:32,140 - plugins.docker_client - INFO - Получено 9 контейнеров
2025-11-18 05:44:32,140 - docker_discoverer - INFO - Docker discoverer обнаружил 9 контейнеров
2025-11-18 05:44:32,140 - svc_app_discoverer - ERROR - Требуемые директории не существуют. app_root=/site/app, htdoc_root=/site/share/htdoc
2025-11-18 05:45:32,439 - plugins.docker_client - INFO - Получено 9 контейнеров
2025-11-18 05:45:32,439 - docker_discoverer - INFO - Docker discoverer обнаружил 9 контейнеров
2025-11-18 05:45:32,440 - svc_app_discoverer - ERROR - Требуемые директории не существуют. app_root=/site/app, htdoc_root=/site/share/htdoc
2025-11-18 05:46:32,738 - plugins.docker_client - INFO - Получено 9 контейнеров
2025-11-18 05:46:32,738 - docker_discoverer - INFO - Docker discoverer обнаружил 9 контейнеров
2025-11-18 05:46:32,738 - svc_app_discoverer - ERROR - Требуемые директории не существуют. app_root=/site/app, htdoc_root=/site/share/htdoc
2025-11-18 05:47:33,070 - plugins.docker_client - INFO - Получено 9 контейнеров
2025-11-18 05:47:33,071 - docker_discoverer - INFO - Docker discoverer обнаружил 9 контейнеров
2025-11-18 05:47:33,071 - svc_app_discoverer - ERROR - Требуемые директории не существуют. app_root=/site/app, htdoc_root=/site/share/htdoc
2025-11-18 05:48:33,373 - plugins.docker_client - INFO - Получено 9 контейнеров
2025-11-18 05:48:33,374 - docker_discoverer - INFO - Docker discoverer обнаружил 9 контейнеров
2025-11-18 05:48:33,374 - svc_app_discoverer - ERROR - Требуемые директории не существуют. app_root=/site/app, htdoc_root=/site/share/htdoc
2025-11-18 05:49:33,682 - plugins.docker_client - INFO - Получено 9 контейнеров
2025-11-18 05:49:33,682 - docker_discoverer - INFO - Docker discoverer обнаружил 9 контейнеров
2025-11-18 05:49:33,683 - svc_app_discoverer - ERROR - Требуемые директории не существуют. app_root=/site/app, htdoc_root=/site/share/htdoc
2025-11-18 05:50:33,983 - plugins.docker_client - INFO - Получено 9 контейнеров
2025-11-18 05:50:33,984 - docker_discoverer - INFO - Docker discoverer обнаружил 9 контейнеров
2025-11-18 05:50:33,984 - svc_app_discoverer - ERROR - Требуемые директории не существуют. app_root=/site/app, htdoc_root=/site/share/htdoc
2025-11-18 05:51:34,292 - plugins.docker_client - INFO - Получено 9 контейнеров
2025-11-18 05:51:34,292 - docker_discoverer - INFO - Docker discoverer обнаружил 9 контейнеров
2025-11-18 05:51:34,292 - svc_app_discoverer - ERROR - Требуемые директории не существуют. app_root=/site/app, htdoc_root=/site/share/htdoc
2025-11-18 05:52:34,601 - plugins.docker_client - INFO - Получено 9 контейнеров
2025-11-18 05:52:34,601 - docker_discoverer - INFO - Docker discoverer обнаружил 9 контейнеров
2025-11-18 05:52:34,601 - svc_app_discoverer - ERROR - Требуемые директории не существуют. app_root=/site/app, htdoc_root=/site/share/htdoc
2025-11-18 05:53:34,904 - plugins.docker_client - INFO - Получено 9 контейнеров
2025-11-18 05:53:34,904 - docker_discoverer - INFO - Docker discoverer обнаружил 9 контейнеров
2025-11-18 05:53:34,904 - svc_app_discoverer - ERROR - Требуемые директории не существуют. app_root=/site/app, htdoc_root=/site/share/htdoc
2025-11-18 05:54:35,206 - plugins.docker_client - INFO - Получено 9 контейнеров
2025-11-18 05:54:35,207 - docker_discoverer - INFO - Docker discoverer обнаружил 9 контейнеров
2025-11-18 05:54:35,207 - svc_app_discoverer - ERROR - Требуемые директории не существуют. app_root=/site/app, htdoc_root=/site/share/htdoc
2025-11-18 05:55:35,505 - plugins.docker_client - INFO - Получено 9 контейнеров
2025-11-18 05:55:35,505 - docker_discoverer - INFO - Docker discoverer обнаружил 9 контейнеров
2025-11-18 05:55:35,505 - svc_app_discoverer - ERROR - Требуемые директории не существуют. app_root=/site/app, htdoc_root=/site/share/htdoc
2025-11-18 05:56:35,808 - plugins.docker_client - INFO - Получено 9 контейнеров
2025-11-18 05:56:35,808 - docker_discoverer - INFO - Docker discoverer обнаружил 9 контейнеров
2025-11-18 05:56:35,808 - svc_app_discoverer - ERROR - Требуемые директории не существуют. app_root=/site/app, htdoc_root=/site/share/htdoc
2025-11-18 05:57:36,108 - plugins.docker_client - INFO - Получено 9 контейнеров
2025-11-18 05:57:36,108 - docker_discoverer - INFO - Docker discoverer обнаружил 9 контейнеров
2025-11-18 05:57:36,108 - svc_app_discoverer - ERROR - Требуемые директории не существуют. app_root=/site/app, htdoc_root=/site/share/htdoc
2025-11-18 05:58:36,411 - plugins.docker_client - INFO - Получено 9 контейнеров
2025-11-18 05:58:36,411 - docker_discoverer - INFO - Docker discoverer обнаружил 9 контейнеров
2025-11-18 05:58:36,411 - svc_app_discoverer - ERROR - Требуемые директории не существуют. app_root=/site/app, htdoc_root=/site/share/htdoc
2025-11-18 05:59:36,716 - plugins.docker_client - INFO - Получено 9 контейнеров
2025-11-18 05:59:36,716 - docker_discoverer - INFO - Docker discoverer обнаружил 9 контейнеров
2025-11-18 05:59:36,716 - svc_app_discoverer - ERROR - Требуемые директории не существуют. app_root=/site/app, htdoc_root=/site/share/htdoc
2025-11-18 06:00:37,013 - plugins.docker_client - INFO - Получено 9 контейнеров
2025-11-18 06:00:37,013 - docker_discoverer - INFO - Docker discoverer обнаружил 9 контейнеров
2025-11-18 06:00:37,013 - svc_app_discoverer - ERROR - Требуемые директории не существуют. app_root=/site/app, htdoc_root=/site/share/htdoc
2025-11-18 06:01:37,316 - plugins.docker_client - INFO - Получено 9 контейнеров
2025-11-18 06:01:37,316 - docker_discoverer - INFO - Docker discoverer обнаружил 9 контейнеров
2025-11-18 06:01:37,317 - svc_app_discoverer - ERROR - Требуемые директории не существуют. app_root=/site/app, htdoc_root=/site/share/htdoc
2025-11-18 06:02:37,616 - plugins.docker_client - INFO - Получено 9 контейнеров
2025-11-18 06:02:37,616 - docker_discoverer - INFO - Docker discoverer обнаружил 9 контейнеров
2025-11-18 06:02:37,616 - svc_app_discoverer - ERROR - Требуемые директории не существуют. app_root=/site/app, htdoc_root=/site/share/htdoc
2025-11-18 06:03:37,953 - plugins.docker_client - INFO - Получено 9 контейнеров
2025-11-18 06:03:37,953 - docker_discoverer - INFO - Docker discoverer обнаружил 9 контейнеров
2025-11-18 06:03:37,953 - svc_app_discoverer - ERROR - Требуемые директории не существуют. app_root=/site/app, htdoc_root=/site/share/htdoc
2025-11-18 06:04:38,458 - plugins.docker_client - INFO - Получено 9 контейнеров
2025-11-18 06:04:38,458 - docker_discoverer - INFO - Docker discoverer обнаружил 9 контейнеров
2025-11-18 06:04:38,459 - svc_app_discoverer - ERROR - Требуемые директории не существуют. app_root=/site/app, htdoc_root=/site/share/htdoc
2025-11-18 06:05:38,758 - plugins.docker_client - INFO - Получено 9 контейнеров
2025-11-18 06:05:38,759 - docker_discoverer - INFO - Docker discoverer обнаружил 9 контейнеров
2025-11-18 06:05:38,759 - svc_app_discoverer - ERROR - Требуемые директории не существуют. app_root=/site/app, htdoc_root=/site/share/htdoc
2025-11-18 06:06:39,069 - plugins.docker_client - INFO - Получено 9 контейнеров
2025-11-18 06:06:39,069 - docker_discoverer - INFO - Docker discoverer обнаружил 9 контейнеров
2025-11-18 06:06:39,069 - svc_app_discoverer - ERROR - Требуемые директории не существуют. app_root=/site/app, htdoc_root=/site/share/htdoc
2025-11-18 06:07:39,377 - plugins.docker_client - INFO - Получено 9 контейнеров
2025-11-18 06:07:39,377 - docker_discoverer - INFO - Docker discoverer обнаружил 9 контейнеров
2025-11-18 06:07:39,377 - svc_app_discoverer - ERROR - Требуемые директории не существуют. app_root=/site/app, htdoc_root=/site/share/htdoc
2025-11-18 06:08:39,689 - plugins.docker_client - INFO - Получено 9 контейнеров
2025-11-18 06:08:39,689 - docker_discoverer - INFO - Docker discoverer обнаружил 9 контейнеров
2025-11-18 06:08:39,689 - svc_app_discoverer - ERROR - Требуемые директории не существуют. app_root=/site/app, htdoc_root=/site/share/htdoc
2025-11-18 06:09:39,989 - plugins.docker_client - INFO - Получено 9 контейнеров
2025-11-18 06:09:39,989 - docker_discoverer - INFO - Docker discoverer обнаружил 9 контейнеров
2025-11-18 06:09:39,989 - svc_app_discoverer - ERROR - Требуемые директории не существуют. app_root=/site/app, htdoc_root=/site/share/htdoc
2025-11-18 06:10:40,285 - plugins.docker_client - INFO - Получено 9 контейнеров
2025-11-18 06:10:40,285 - docker_discoverer - INFO - Docker discoverer обнаружил 9 контейнеров
2025-11-18 06:10:40,285 - svc_app_discoverer - ERROR - Требуемые директории не существуют. app_root=/site/app, htdoc_root=/site/share/htdoc
2025-11-18 06:11:40,583 - plugins.docker_client - INFO - Получено 9 контейнеров
2025-11-18 06:11:40,583 - docker_discoverer - INFO - Docker discoverer обнаружил 9 контейнеров
2025-11-18 06:11:40,583 - svc_app_discoverer - ERROR - Требуемые директории не существуют. app_root=/site/app, htdoc_root=/site/share/htdoc
2025-11-18 06:12:40,884 - plugins.docker_client - INFO - Получено 9 контейнеров
2025-11-18 06:12:40,884 - docker_discoverer - INFO - Docker discoverer обнаружил 9 контейнеров
2025-11-18 06:12:40,884 - svc_app_discoverer - ERROR - Требуемые директории не существуют. app_root=/site/app, htdoc_root=/site/share/htdoc
2025-11-18 06:13:41,178 - plugins.docker_client - INFO - Получено 9 контейнеров
2025-11-18 06:13:41,178 - docker_discoverer - INFO - Docker discoverer обнаружил 9 контейнеров
2025-11-18 06:13:41,178 - svc_app_discoverer - ERROR - Требуемые директории не существуют. app_root=/site/app, htdoc_root=/site/share/htdoc
2025-11-18 06:14:41,469 - plugins.docker_client - INFO - Получено 9 контейнеров
2025-11-18 06:14:41,469 - docker_discoverer - INFO - Docker discoverer обнаружил 9 контейнеров
2025-11-18 06:14:41,469 - svc_app_discoverer - ERROR - Требуемые директории не существуют. app_root=/site/app, htdoc_root=/site/share/htdoc
2025-11-18 06:15:41,767 - plugins.docker_client - INFO - Получено 9 контейнеров
2025-11-18 06:15:41,767 - docker_discoverer - INFO - Docker discoverer обнаружил 9 контейнеров
2025-11-18 06:15:41,768 - svc_app_discoverer - ERROR - Требуемые директории не существуют. app_root=/site/app, htdoc_root=/site/share/htdoc
2025-11-18 06:16:42,069 - plugins.docker_client - INFO - Получено 9 контейнеров
2025-11-18 06:16:42,070 - docker_discoverer - INFO - Docker discoverer обнаружил 9 контейнеров
2025-11-18 06:16:42,070 - svc_app_discoverer - ERROR - Требуемые директории не существуют. app_root=/site/app, htdoc_root=/site/share/htdoc
2025-11-18 06:17:42,375 - plugins.docker_client - INFO - Получено 9 контейнеров
2025-11-18 06:17:42,375 - docker_discoverer - INFO - Docker discoverer обнаружил 9 контейнеров
2025-11-18 06:17:42,375 - svc_app_discoverer - ERROR - Требуемые директории не существуют. app_root=/site/app, htdoc_root=/site/share/htdoc
2025-11-18 06:18:42,676 - plugins.docker_client - INFO - Получено 9 контейнеров
2025-11-18 06:18:42,676 - docker_discoverer - INFO - Docker discoverer обнаружил 9 контейнеров
2025-11-18 06:18:42,676 - svc_app_discoverer - ERROR - Требуемые директории не существуют. app_root=/site/app, htdoc_root=/site/share/htdoc
2025-11-18 06:19:42,981 - plugins.docker_client - INFO - Получено 9 контейнеров
2025-11-18 06:19:42,981 - docker_discoverer - INFO - Docker discoverer обнаружил 9 контейнеров
2025-11-18 06:19:42,981 - svc_app_discoverer - ERROR - Требуемые директории не существуют. app_root=/site/app, htdoc_root=/site/share/htdoc
2025-11-18 06:20:43,282 - plugins.docker_client - INFO - Получено 9 контейнеров
2025-11-18 06:20:43,282 - docker_discoverer - INFO - Docker discoverer обнаружил 9 контейнеров
2025-11-18 06:20:43,282 - svc_app_discoverer - ERROR - Требуемые директории не существуют. app_root=/site/app, htdoc_root=/site/share/htdoc
2025-11-18 06:21:43,591 - plugins.docker_client - INFO - Получено 9 контейнеров
2025-11-18 06:21:43,591 - docker_discoverer - INFO - Docker discoverer обнаружил 9 контейнеров
2025-11-18 06:21:43,591 - svc_app_discoverer - ERROR - Требуемые директории не существуют. app_root=/site/app, htdoc_root=/site/share/htdoc
2025-11-18 06:22:43,917 - plugins.docker_client - INFO - Получено 9 контейнеров
2025-11-18 06:22:43,917 - docker_discoverer - INFO - Docker discoverer обнаружил 9 контейнеров
2025-11-18 06:22:43,917 - svc_app_discoverer - ERROR - Требуемые директории не существуют. app_root=/site/app, htdoc_root=/site/share/htdoc
2025-11-18 06:23:44,225 - plugins.docker_client - INFO - Получено 9 контейнеров
2025-11-18 06:23:44,225 - docker_discoverer - INFO - Docker discoverer обнаружил 9 контейнеров
2025-11-18 06:23:44,225 - svc_app_discoverer - ERROR - Требуемые директории не существуют. app_root=/site/app, htdoc_root=/site/share/htdoc
2025-11-18 06:24:44,528 - plugins.docker_client - INFO - Получено 9 контейнеров
2025-11-18 06:24:44,529 - docker_discoverer - INFO - Docker discoverer обнаружил 9 контейнеров
2025-11-18 06:24:44,529 - svc_app_discoverer - ERROR - Требуемые директории не существуют. app_root=/site/app, htdoc_root=/site/share/htdoc
2025-11-18 06:25:44,830 - plugins.docker_client - INFO - Получено 9 контейнеров
2025-11-18 06:25:44,830 - docker_discoverer - INFO - Docker discoverer обнаружил 9 контейнеров
2025-11-18 06:25:44,830 - svc_app_discoverer - ERROR - Требуемые директории не существуют. app_root=/site/app, htdoc_root=/site/share/htdoc
2025-11-18 06:26:45,128 - plugins.docker_client - INFO - Получено 9 контейнеров
2025-11-18 06:26:45,129 - docker_discoverer - INFO - Docker discoverer обнаружил 9 контейнеров
2025-11-18 06:26:45,129 - svc_app_discoverer - ERROR - Требуемые директории не существуют. app_root=/site/app, htdoc_root=/site/share/htdoc
2025-11-18 06:27:45,428 - plugins.docker_client - INFO - Получено 9 контейнеров
2025-11-18 06:27:45,428 - docker_discoverer - INFO - Docker discoverer обнаружил 9 контейнеров
2025-11-18 06:27:45,428 - svc_app_discoverer - ERROR - Требуемые директории не существуют. app_root=/site/app, htdoc_root=/site/share/htdoc
2025-11-18 06:28:45,731 - plugins.docker_client - INFO - Получено 9 контейнеров
2025-11-18 06:28:45,731 - docker_discoverer - INFO - Docker discoverer обнаружил 9 контейнеров
2025-11-18 06:28:45,731 - svc_app_discoverer - ERROR - Требуемые директории не существуют. app_root=/site/app, htdoc_root=/site/share/htdoc
2025-11-18 06:29:46,035 - plugins.docker_client - INFO - Получено 9 контейнеров
2025-11-18 06:29:46,035 - docker_discoverer - INFO - Docker discoverer обнаружил 9 контейнеров
2025-11-18 06:29:46,035 - svc_app_discoverer - ERROR - Требуемые директории не существуют. app_root=/site/app, htdoc_root=/site/share/htdoc
2025-11-18 06:30:46,339 - plugins.docker_client - INFO - Получено 9 контейнеров
2025-11-18 06:30:46,339 - docker_discoverer - INFO - Docker discoverer обнаружил 9 контейнеров
2025-11-18 06:30:46,339 - svc_app_discoverer - ERROR - Требуемые директории не существуют. app_root=/site/app, htdoc_root=/site/share/htdoc
2025-11-18 06:31:46,640 - plugins.docker_client - INFO - Получено 9 контейнеров
2025-11-18 06:31:46,640 - docker_discoverer - INFO - Docker discoverer обнаружил 9 контейнеров
2025-11-18 06:31:46,640 - svc_app_discoverer - ERROR - Требуемые директории не существуют. app_root=/site/app, htdoc_root=/site/share/htdoc
2025-11-18 06:32:46,958 - plugins.docker_client - INFO - Получено 9 контейнеров
2025-11-18 06:32:46,958 - docker_discoverer - INFO - Docker discoverer обнаружил 9 контейнеров
2025-11-18 06:32:46,958 - svc_app_discoverer - ERROR - Требуемые директории не существуют. app_root=/site/app, htdoc_root=/site/share/htdoc
2025-11-18 06:33:47,254 - plugins.docker_client - INFO - Получено 9 контейнеров
2025-11-18 06:33:47,254 - docker_discoverer - INFO - Docker discoverer обнаружил 9 контейнеров
2025-11-18 06:33:47,255 - svc_app_discoverer - ERROR - Требуемые директории не существуют. app_root=/site/app, htdoc_root=/site/share/htdoc
2025-11-18 06:34:47,558 - plugins.docker_client - INFO - Получено 9 контейнеров
2025-11-18 06:34:47,559 - docker_discoverer - INFO - Docker discoverer обнаружил 9 контейнеров
2025-11-18 06:34:47,559 - svc_app_discoverer - ERROR - Требуемые директории не существуют. app_root=/site/app, htdoc_root=/site/share/htdoc
2025-11-18 06:35:47,858 - plugins.docker_client - INFO - Получено 9 контейнеров
2025-11-18 06:35:47,859 - docker_discoverer - INFO - Docker discoverer обнаружил 9 контейнеров
2025-11-18 06:35:47,859 - svc_app_discoverer - ERROR - Требуемые директории не существуют. app_root=/site/app, htdoc_root=/site/share/htdoc
2025-11-18 06:36:48,159 - plugins.docker_client - INFO - Получено 9 контейнеров
2025-11-18 06:36:48,159 - docker_discoverer - INFO - Docker discoverer обнаружил 9 контейнеров
2025-11-18 06:36:48,159 - svc_app_discoverer - ERROR - Требуемые директории не существуют. app_root=/site/app, htdoc_root=/site/share/htdoc
2025-11-18 06:37:48,458 - plugins.docker_client - INFO - Получено 9 контейнеров
2025-11-18 06:37:48,458 - docker_discoverer - INFO - Docker discoverer обнаружил 9 контейнеров
2025-11-18 06:37:48,458 - svc_app_discoverer - ERROR - Требуемые директории не существуют. app_root=/site/app, htdoc_root=/site/share/htdoc
2025-11-18 06:38:48,757 - plugins.docker_client - INFO - Получено 9 контейнеров
2025-11-18 06:38:48,757 - docker_discoverer - INFO - Docker discoverer обнаружил 9 контейнеров
2025-11-18 06:38:48,757 - svc_app_discoverer - ERROR - Требуемые директории не существуют. app_root=/site/app, htdoc_root=/site/share/htdoc
2025-11-18 06:39:49,063 - plugins.docker_client - INFO - Получено 9 контейнеров
2025-11-18 06:39:49,063 - docker_discoverer - INFO - Docker discoverer обнаружил 9 контейнеров
2025-11-18 06:39:49,063 - svc_app_discoverer - ERROR - Требуемые директории не существуют. app_root=/site/app, htdoc_root=/site/share/htdoc
2025-11-18 06:40:49,364 - plugins.docker_client - INFO - Получено 9 контейнеров
2025-11-18 06:40:49,364 - docker_discoverer - INFO - Docker discoverer обнаружил 9 контейнеров
2025-11-18 06:40:49,364 - svc_app_discoverer - ERROR - Требуемые директории не существуют. app_root=/site/app, htdoc_root=/site/share/htdoc
2025-11-18 06:41:49,666 - plugins.docker_client - INFO - Получено 9 контейнеров
2025-11-18 06:41:49,666 - docker_discoverer - INFO - Docker discoverer обнаружил 9 контейнеров
2025-11-18 06:41:49,666 - svc_app_discoverer - ERROR - Требуемые директории не существуют. app_root=/site/app, htdoc_root=/site/share/htdoc
2025-11-18 06:42:49,967 - plugins.docker_client - INFO - Получено 9 контейнеров
2025-11-18 06:42:49,967 - docker_discoverer - INFO - Docker discoverer обнаружил 9 контейнеров
2025-11-18 06:42:49,967 - svc_app_discoverer - ERROR - Требуемые директории не существуют. app_root=/site/app, htdoc_root=/site/share/htdoc
2025-11-18 06:43:50,270 - plugins.docker_client - INFO - Получено 9 контейнеров
2025-11-18 06:43:50,270 - docker_discoverer - INFO - Docker discoverer обнаружил 9 контейнеров
2025-11-18 06:43:50,270 - svc_app_discoverer - ERROR - Требуемые директории не существуют. app_root=/site/app, htdoc_root=/site/share/htdoc
2025-11-18 06:44:50,575 - plugins.docker_client - INFO - Получено 9 контейнеров
2025-11-18 06:44:50,575 - docker_discoverer - INFO - Docker discoverer обнаружил 9 контейнеров
2025-11-18 06:44:50,575 - svc_app_discoverer - ERROR - Требуемые директории не существуют. app_root=/site/app, htdoc_root=/site/share/htdoc
2025-11-18 06:45:50,874 - plugins.docker_client - INFO - Получено 9 контейнеров
2025-11-18 06:45:50,874 - docker_discoverer - INFO - Docker discoverer обнаружил 9 контейнеров
2025-11-18 06:45:50,874 - svc_app_discoverer - ERROR - Требуемые директории не существуют. app_root=/site/app, htdoc_root=/site/share/htdoc
2025-11-18 06:46:51,185 - plugins.docker_client - INFO - Получено 9 контейнеров
2025-11-18 06:46:51,185 - docker_discoverer - INFO - Docker discoverer обнаружил 9 контейнеров
2025-11-18 06:46:51,185 - svc_app_discoverer - ERROR - Требуемые директории не существуют. app_root=/site/app, htdoc_root=/site/share/htdoc
2025-11-18 06:47:51,487 - plugins.docker_client - INFO - Получено 9 контейнеров
2025-11-18 06:47:51,488 - docker_discoverer - INFO - Docker discoverer обнаружил 9 контейнеров
2025-11-18 06:47:51,488 - svc_app_discoverer - ERROR - Требуемые директории не существуют. app_root=/site/app, htdoc_root=/site/share/htdoc
2025-11-18 06:48:51,792 - plugins.docker_client - INFO - Получено 9 контейнеров
2025-11-18 06:48:51,792 - docker_discoverer - INFO - Docker discoverer обнаружил 9 контейнеров
2025-11-18 06:48:51,793 - svc_app_discoverer - ERROR - Требуемые директории не существуют. app_root=/site/app, htdoc_root=/site/share/htdoc
2025-11-18 06:49:52,115 - plugins.docker_client - INFO - Получено 9 контейнеров
2025-11-18 06:49:52,116 - docker_discoverer - INFO - Docker discoverer обнаружил 9 контейнеров
2025-11-18 06:49:52,116 - svc_app_discoverer - ERROR - Требуемые директории не существуют. app_root=/site/app, htdoc_root=/site/share/htdoc
2025-11-18 06:50:52,416 - plugins.docker_client - INFO - Получено 9 контейнеров
2025-11-18 06:50:52,417 - docker_discoverer - INFO - Docker discoverer обнаружил 9 контейнеров
2025-11-18 06:50:52,417 - svc_app_discoverer - ERROR - Требуемые директории не существуют. app_root=/site/app, htdoc_root=/site/share/htdoc
2025-11-18 06:51:52,721 - plugins.docker_client - INFO - Получено 9 контейнеров
2025-11-18 06:51:52,721 - docker_discoverer - INFO - Docker discoverer обнаружил 9 контейнеров
2025-11-18 06:51:52,721 - svc_app_discoverer - ERROR - Требуемые директории не существуют. app_root=/site/app, htdoc_root=/site/share/htdoc
2025-11-18 06:52:53,025 - plugins.docker_client - INFO - Получено 9 контейнеров
2025-11-18 06:52:53,025 - docker_discoverer - INFO - Docker discoverer обнаружил 9 контейнеров
2025-11-18 06:52:53,025 - svc_app_discoverer - ERROR - Требуемые директории не существуют. app_root=/site/app, htdoc_root=/site/share/htdoc
2025-11-18 06:53:53,328 - plugins.docker_client - INFO - Получено 9 контейнеров
2025-11-18 06:53:53,328 - docker_discoverer - INFO - Docker discoverer обнаружил 9 контейнеров
2025-11-18 06:53:53,328 - svc_app_discoverer - ERROR - Требуемые директории не существуют. app_root=/site/app, htdoc_root=/site/share/htdoc
2025-11-18 06:54:53,627 - plugins.docker_client - INFO - Получено 9 контейнеров
2025-11-18 06:54:53,627 - docker_discoverer - INFO - Docker discoverer обнаружил 9 контейнеров
2025-11-18 06:54:53,627 - svc_app_discoverer - ERROR - Требуемые директории не существуют. app_root=/site/app, htdoc_root=/site/share/htdoc
2025-11-18 06:55:53,930 - plugins.docker_client - INFO - Получено 9 контейнеров
2025-11-18 06:55:53,931 - docker_discoverer - INFO - Docker discoverer обнаружил 9 контейнеров
2025-11-18 06:55:53,931 - svc_app_discoverer - ERROR - Требуемые директории не существуют. app_root=/site/app, htdoc_root=/site/share/htdoc
2025-11-18 06:56:54,235 - plugins.docker_client - INFO - Получено 9 контейнеров
2025-11-18 06:56:54,235 - docker_discoverer - INFO - Docker discoverer обнаружил 9 контейнеров
2025-11-18 06:56:54,236 - svc_app_discoverer - ERROR - Требуемые директории не существуют. app_root=/site/app, htdoc_root=/site/share/htdoc
2025-11-18 06:57:54,545 - plugins.docker_client - INFO - Получено 9 контейнеров
2025-11-18 06:57:54,545 - docker_discoverer - INFO - Docker discoverer обнаружил 9 контейнеров
2025-11-18 06:57:54,545 - svc_app_discoverer - ERROR - Требуемые директории не существуют. app_root=/site/app, htdoc_root=/site/share/htdoc
2025-11-18 06:58:54,850 - plugins.docker_client - INFO - Получено 9 контейнеров
2025-11-18 06:58:54,850 - docker_discoverer - INFO - Docker discoverer обнаружил 9 контейнеров
2025-11-18 06:58:54,850 - svc_app_discoverer - ERROR - Требуемые директории не существуют. app_root=/site/app, htdoc_root=/site/share/htdoc
2025-11-18 06:59:55,151 - plugins.docker_client - INFO - Получено 9 контейнеров
2025-11-18 06:59:55,151 - docker_discoverer - INFO - Docker discoverer обнаружил 9 контейнеров
2025-11-18 06:59:55,151 - svc_app_discoverer - ERROR - Требуемые директории не существуют. app_root=/site/app, htdoc_root=/site/share/htdoc
2025-11-18 07:00:55,457 - plugins.docker_client - INFO - Получено 9 контейнеров
2025-11-18 07:00:55,457 - docker_discoverer - INFO - Docker discoverer обнаружил 9 контейнеров
2025-11-18 07:00:55,457 - svc_app_discoverer - ERROR - Требуемые директории не существуют. app_root=/site/app, htdoc_root=/site/share/htdoc
2025-11-18 07:01:55,757 - plugins.docker_client - INFO - Получено 9 контейнеров
2025-11-18 07:01:55,757 - docker_discoverer - INFO - Docker discoverer обнаружил 9 контейнеров
2025-11-18 07:01:55,757 - svc_app_discoverer - ERROR - Требуемые директории не существуют. app_root=/site/app, htdoc_root=/site/share/htdoc
2025-11-18 07:02:56,059 - plugins.docker_client - INFO - Получено 9 контейнеров
2025-11-18 07:02:56,059 - docker_discoverer - INFO - Docker discoverer обнаружил 9 контейнеров
2025-11-18 07:02:56,059 - svc_app_discoverer - ERROR - Требуемые директории не существуют. app_root=/site/app, htdoc_root=/site/share/htdoc
2025-11-18 07:03:56,357 - plugins.docker_client - INFO - Получено 9 контейнеров
2025-11-18 07:03:56,357 - docker_discoverer - INFO - Docker discoverer обнаружил 9 контейнеров
2025-11-18 07:03:56,358 - svc_app_discoverer - ERROR - Требуемые директории не существуют. app_root=/site/app, htdoc_root=/site/share/htdoc
2025-11-18 07:04:56,668 - plugins.docker_client - INFO - Получено 9 контейнеров
2025-11-18 07:04:56,668 - docker_discoverer - INFO - Docker discoverer обнаружил 9 контейнеров
2025-11-18 07:04:56,668 - svc_app_discoverer - ERROR - Требуемые директории не существуют. app_root=/site/app, htdoc_root=/site/share/htdoc
2025-11-18 07:05:56,962 - plugins.docker_client - INFO - Получено 9 контейнеров
2025-11-18 07:05:56,962 - docker_discoverer - INFO - Docker discoverer обнаружил 9 контейнеров
2025-11-18 07:05:56,962 - svc_app_discoverer - ERROR - Требуемые директории не существуют. app_root=/site/app, htdoc_root=/site/share/htdoc
2025-11-18 07:06:57,268 - plugins.docker_client - INFO - Получено 9 контейнеров
2025-11-18 07:06:57,268 - docker_discoverer - INFO - Docker discoverer обнаружил 9 контейнеров
2025-11-18 07:06:57,269 - svc_app_discoverer - ERROR - Требуемые директории не существуют. app_root=/site/app, htdoc_root=/site/share/htdoc
2025-11-18 07:07:57,575 - plugins.docker_client - INFO - Получено 9 контейнеров
2025-11-18 07:07:57,575 - docker_discoverer - INFO - Docker discoverer обнаружил 9 контейнеров
2025-11-18 07:07:57,575 - svc_app_discoverer - ERROR - Требуемые директории не существуют. app_root=/site/app, htdoc_root=/site/share/htdoc
2025-11-18 07:08:57,880 - plugins.docker_client - INFO - Получено 9 контейнеров
2025-11-18 07:08:57,880 - docker_discoverer - INFO - Docker discoverer обнаружил 9 контейнеров
2025-11-18 07:08:57,880 - svc_app_discoverer - ERROR - Требуемые директории не существуют. app_root=/site/app, htdoc_root=/site/share/htdoc
2025-11-18 07:09:58,184 - plugins.docker_client - INFO - Получено 9 контейнеров
2025-11-18 07:09:58,185 - docker_discoverer - INFO - Docker discoverer обнаружил 9 контейнеров
2025-11-18 07:09:58,185 - svc_app_discoverer - ERROR - Требуемые директории не существуют. app_root=/site/app, htdoc_root=/site/share/htdoc
2025-11-18 07:10:58,485 - plugins.docker_client - INFO - Получено 9 контейнеров
2025-11-18 07:10:58,485 - docker_discoverer - INFO - Docker discoverer обнаружил 9 контейнеров
2025-11-18 07:10:58,485 - svc_app_discoverer - ERROR - Требуемые директории не существуют. app_root=/site/app, htdoc_root=/site/share/htdoc
2025-11-18 07:11:58,786 - plugins.docker_client - INFO - Получено 9 контейнеров
2025-11-18 07:11:58,786 - docker_discoverer - INFO - Docker discoverer обнаружил 9 контейнеров
2025-11-18 07:11:58,786 - svc_app_discoverer - ERROR - Требуемые директории не существуют. app_root=/site/app, htdoc_root=/site/share/htdoc
2025-11-18 07:12:59,089 - plugins.docker_client - INFO - Получено 9 контейнеров
2025-11-18 07:12:59,089 - docker_discoverer - INFO - Docker discoverer обнаружил 9 контейнеров
2025-11-18 07:12:59,089 - svc_app_discoverer - ERROR - Требуемые директории не существуют. app_root=/site/app, htdoc_root=/site/share/htdoc
2025-11-18 07:13:59,396 - plugins.docker_client - INFO - Получено 9 контейнеров
2025-11-18 07:13:59,396 - docker_discoverer - INFO - Docker discoverer обнаружил 9 контейнеров
2025-11-18 07:13:59,397 - svc_app_discoverer - ERROR - Требуемые директории не существуют. app_root=/site/app, htdoc_root=/site/share/htdoc
2025-11-18 07:14:59,696 - plugins.docker_client - INFO - Получено 9 контейнеров
2025-11-18 07:14:59,696 - docker_discoverer - INFO - Docker discoverer обнаружил 9 контейнеров
2025-11-18 07:14:59,696 - svc_app_discoverer - ERROR - Требуемые директории не существуют. app_root=/site/app, htdoc_root=/site/share/htdoc
2025-11-18 07:15:59,998 - plugins.docker_client - INFO - Получено 9 контейнеров
2025-11-18 07:15:59,998 - docker_discoverer - INFO - Docker discoverer обнаружил 9 контейнеров
2025-11-18 07:15:59,998 - svc_app_discoverer - ERROR - Требуемые директории не существуют. app_root=/site/app, htdoc_root=/site/share/htdoc
2025-11-18 07:17:00,305 - plugins.docker_client - INFO - Получено 9 контейнеров
2025-11-18 07:17:00,305 - docker_discoverer - INFO - Docker discoverer обнаружил 9 контейнеров
2025-11-18 07:17:00,305 - svc_app_discoverer - ERROR - Требуемые директории не существуют. app_root=/site/app, htdoc_root=/site/share/htdoc
2025-11-18 07:18:00,608 - plugins.docker_client - INFO - Получено 9 контейнеров
2025-11-18 07:18:00,608 - docker_discoverer - INFO - Docker discoverer обнаружил 9 контейнеров
2025-11-18 07:18:00,608 - svc_app_discoverer - ERROR - Требуемые директории не существуют. app_root=/site/app, htdoc_root=/site/share/htdoc
2025-11-18 07:19:00,911 - plugins.docker_client - INFO - Получено 9 контейнеров
2025-11-18 07:19:00,911 - docker_discoverer - INFO - Docker discoverer обнаружил 9 контейнеров
2025-11-18 07:19:00,911 - svc_app_discoverer - ERROR - Требуемые директории не существуют. app_root=/site/app, htdoc_root=/site/share/htdoc
2025-11-18 07:20:01,208 - plugins.docker_client - INFO - Получено 9 контейнеров
2025-11-18 07:20:01,208 - docker_discoverer - INFO - Docker discoverer обнаружил 9 контейнеров
2025-11-18 07:20:01,208 - svc_app_discoverer - ERROR - Требуемые директории не существуют. app_root=/site/app, htdoc_root=/site/share/htdoc
2025-11-18 07:21:01,512 - plugins.docker_client - INFO - Получено 9 контейнеров
2025-11-18 07:21:01,512 - docker_discoverer - INFO - Docker discoverer обнаружил 9 контейнеров
2025-11-18 07:21:01,512 - svc_app_discoverer - ERROR - Требуемые директории не существуют. app_root=/site/app, htdoc_root=/site/share/htdoc
2025-11-18 07:22:01,813 - plugins.docker_client - INFO - Получено 9 контейнеров
2025-11-18 07:22:01,813 - docker_discoverer - INFO - Docker discoverer обнаружил 9 контейнеров
2025-11-18 07:22:01,814 - svc_app_discoverer - ERROR - Требуемые директории не существуют. app_root=/site/app, htdoc_root=/site/share/htdoc
2025-11-18 07:23:02,120 - plugins.docker_client - INFO - Получено 9 контейнеров
2025-11-18 07:23:02,120 - docker_discoverer - INFO - Docker discoverer обнаружил 9 контейнеров
2025-11-18 07:23:02,120 - svc_app_discoverer - ERROR - Требуемые директории не существуют. app_root=/site/app, htdoc_root=/site/share/htdoc
2025-11-18 07:24:02,427 - plugins.docker_client - INFO - Получено 9 контейнеров
2025-11-18 07:24:02,427 - docker_discoverer - INFO - Docker discoverer обнаружил 9 контейнеров
2025-11-18 07:24:02,428 - svc_app_discoverer - ERROR - Требуемые директории не существуют. app_root=/site/app, htdoc_root=/site/share/htdoc
2025-11-18 07:25:02,731 - plugins.docker_client - INFO - Получено 9 контейнеров
2025-11-18 07:25:02,731 - docker_discoverer - INFO - Docker discoverer обнаружил 9 контейнеров
2025-11-18 07:25:02,731 - svc_app_discoverer - ERROR - Требуемые директории не существуют. app_root=/site/app, htdoc_root=/site/share/htdoc
2025-11-18 07:26:03,040 - plugins.docker_client - INFO - Получено 9 контейнеров
2025-11-18 07:26:03,040 - docker_discoverer - INFO - Docker discoverer обнаружил 9 контейнеров
2025-11-18 07:26:03,040 - svc_app_discoverer - ERROR - Требуемые директории не существуют. app_root=/site/app, htdoc_root=/site/share/htdoc
2025-11-18 07:27:03,344 - plugins.docker_client - INFO - Получено 9 контейнеров
2025-11-18 07:27:03,344 - docker_discoverer - INFO - Docker discoverer обнаружил 9 контейнеров
2025-11-18 07:27:03,344 - svc_app_discoverer - ERROR - Требуемые директории не существуют. app_root=/site/app, htdoc_root=/site/share/htdoc
2025-11-18 07:28:03,645 - plugins.docker_client - INFO - Получено 9 контейнеров
2025-11-18 07:28:03,645 - docker_discoverer - INFO - Docker discoverer обнаружил 9 контейнеров
2025-11-18 07:28:03,645 - svc_app_discoverer - ERROR - Требуемые директории не существуют. app_root=/site/app, htdoc_root=/site/share/htdoc
2025-11-18 07:29:03,975 - plugins.docker_client - INFO - Получено 9 контейнеров
2025-11-18 07:29:03,975 - docker_discoverer - INFO - Docker discoverer обнаружил 9 контейнеров
2025-11-18 07:29:03,976 - svc_app_discoverer - ERROR - Требуемые директории не существуют. app_root=/site/app, htdoc_root=/site/share/htdoc
2025-11-18 07:30:04,280 - plugins.docker_client - INFO - Получено 9 контейнеров
2025-11-18 07:30:04,280 - docker_discoverer - INFO - Docker discoverer обнаружил 9 контейнеров
2025-11-18 07:30:04,280 - svc_app_discoverer - ERROR - Требуемые директории не существуют. app_root=/site/app, htdoc_root=/site/share/htdoc
2025-11-18 07:31:04,589 - plugins.docker_client - INFO - Получено 9 контейнеров
2025-11-18 07:31:04,589 - docker_discoverer - INFO - Docker discoverer обнаружил 9 контейнеров
2025-11-18 07:31:04,589 - svc_app_discoverer - ERROR - Требуемые директории не существуют. app_root=/site/app, htdoc_root=/site/share/htdoc
2025-11-18 07:32:04,899 - plugins.docker_client - INFO - Получено 9 контейнеров
2025-11-18 07:32:04,899 - docker_discoverer - INFO - Docker discoverer обнаружил 9 контейнеров
2025-11-18 07:32:04,899 - svc_app_discoverer - ERROR - Требуемые директории не существуют. app_root=/site/app, htdoc_root=/site/share/htdoc
2025-11-18 07:33:05,211 - plugins.docker_client - INFO - Получено 9 контейнеров
2025-11-18 07:33:05,211 - docker_discoverer - INFO - Docker discoverer обнаружил 9 контейнеров
2025-11-18 07:33:05,211 - svc_app_discoverer - ERROR - Требуемые директории не существуют. app_root=/site/app, htdoc_root=/site/share/htdoc
2025-11-18 07:34:05,511 - plugins.docker_client - INFO - Получено 9 контейнеров
2025-11-18 07:34:05,511 - docker_discoverer - INFO - Docker discoverer обнаружил 9 контейнеров
2025-11-18 07:34:05,511 - svc_app_discoverer - ERROR - Требуемые директории не существуют. app_root=/site/app, htdoc_root=/site/share/htdoc
2025-11-18 07:35:05,811 - plugins.docker_client - INFO - Получено 9 контейнеров
2025-11-18 07:35:05,811 - docker_discoverer - INFO - Docker discoverer обнаружил 9 контейнеров
2025-11-18 07:35:05,811 - svc_app_discoverer - ERROR - Требуемые директории не существуют. app_root=/site/app, htdoc_root=/site/share/htdoc
2025-11-18 07:36:06,112 - plugins.docker_client - INFO - Получено 9 контейнеров
2025-11-18 07:36:06,112 - docker_discoverer - INFO - Docker discoverer обнаружил 9 контейнеров
2025-11-18 07:36:06,112 - svc_app_discoverer - ERROR - Требуемые директории не существуют. app_root=/site/app, htdoc_root=/site/share/htdoc
2025-11-18 07:37:06,407 - plugins.docker_client - INFO - Получено 9 контейнеров
2025-11-18 07:37:06,407 - docker_discoverer - INFO - Docker discoverer обнаружил 9 контейнеров
2025-11-18 07:37:06,407 - svc_app_discoverer - ERROR - Требуемые директории не существуют. app_root=/site/app, htdoc_root=/site/share/htdoc
2025-11-18 07:38:06,711 - plugins.docker_client - INFO - Получено 9 контейнеров
2025-11-18 07:38:06,711 - docker_discoverer - INFO - Docker discoverer обнаружил 9 контейнеров
2025-11-18 07:38:06,711 - svc_app_discoverer - ERROR - Требуемые директории не существуют. app_root=/site/app, htdoc_root=/site/share/htdoc
2025-11-18 07:39:07,012 - plugins.docker_client - INFO - Получено 9 контейнеров
2025-11-18 07:39:07,013 - docker_discoverer - INFO - Docker discoverer обнаружил 9 контейнеров
2025-11-18 07:39:07,013 - svc_app_discoverer - ERROR - Требуемые директории не существуют. app_root=/site/app, htdoc_root=/site/share/htdoc
2025-11-18 07:40:07,316 - plugins.docker_client - INFO - Получено 9 контейнеров
2025-11-18 07:40:07,316 - docker_discoverer - INFO - Docker discoverer обнаружил 9 контейнеров
2025-11-18 07:40:07,316 - svc_app_discoverer - ERROR - Требуемые директории не существуют. app_root=/site/app, htdoc_root=/site/share/htdoc
2025-11-18 07:41:07,624 - plugins.docker_client - INFO - Получено 9 контейнеров
2025-11-18 07:41:07,624 - docker_discoverer - INFO - Docker discoverer обнаружил 9 контейнеров
2025-11-18 07:41:07,624 - svc_app_discoverer - ERROR - Требуемые директории не существуют. app_root=/site/app, htdoc_root=/site/share/htdoc
2025-11-18 07:42:07,923 - plugins.docker_client - INFO - Получено 9 контейнеров
2025-11-18 07:42:07,924 - docker_discoverer - INFO - Docker discoverer обнаружил 9 контейнеров
2025-11-18 07:42:07,924 - svc_app_discoverer - ERROR - Требуемые директории не существуют. app_root=/site/app, htdoc_root=/site/share/htdoc
2025-11-18 07:43:08,227 - plugins.docker_client - INFO - Получено 9 контейнеров
2025-11-18 07:43:08,227 - docker_discoverer - INFO - Docker discoverer обнаружил 9 контейнеров
2025-11-18 07:43:08,227 - svc_app_discoverer - ERROR - Требуемые директории не существуют. app_root=/site/app, htdoc_root=/site/share/htdoc
2025-11-18 07:44:08,524 - plugins.docker_client - INFO - Получено 9 контейнеров
2025-11-18 07:44:08,524 - docker_discoverer - INFO - Docker discoverer обнаружил 9 контейнеров
2025-11-18 07:44:08,524 - svc_app_discoverer - ERROR - Требуемые директории не существуют. app_root=/site/app, htdoc_root=/site/share/htdoc
2025-11-18 07:45:08,825 - plugins.docker_client - INFO - Получено 9 контейнеров
2025-11-18 07:45:08,826 - docker_discoverer - INFO - Docker discoverer обнаружил 9 контейнеров
2025-11-18 07:45:08,826 - svc_app_discoverer - ERROR - Требуемые директории не существуют. app_root=/site/app, htdoc_root=/site/share/htdoc
2025-11-18 07:46:09,129 - plugins.docker_client - INFO - Получено 9 контейнеров
2025-11-18 07:46:09,129 - docker_discoverer - INFO - Docker discoverer обнаружил 9 контейнеров
2025-11-18 07:46:09,130 - svc_app_discoverer - ERROR - Требуемые директории не существуют. app_root=/site/app, htdoc_root=/site/share/htdoc
2025-11-18 07:47:09,430 - plugins.docker_client - INFO - Получено 9 контейнеров
2025-11-18 07:47:09,432 - docker_discoverer - INFO - Docker discoverer обнаружил 9 контейнеров
2025-11-18 07:47:09,432 - svc_app_discoverer - ERROR - Требуемые директории не существуют. app_root=/site/app, htdoc_root=/site/share/htdoc
2025-11-18 07:48:09,722 - plugins.docker_client - INFO - Получено 9 контейнеров
2025-11-18 07:48:09,722 - docker_discoverer - INFO - Docker discoverer обнаружил 9 контейнеров
2025-11-18 07:48:09,722 - svc_app_discoverer - ERROR - Требуемые директории не существуют. app_root=/site/app, htdoc_root=/site/share/htdoc
2025-11-18 07:49:10,024 - plugins.docker_client - INFO - Получено 9 контейнеров
2025-11-18 07:49:10,024 - docker_discoverer - INFO - Docker discoverer обнаружил 9 контейнеров
2025-11-18 07:49:10,024 - svc_app_discoverer - ERROR - Требуемые директории не существуют. app_root=/site/app, htdoc_root=/site/share/htdoc
2025-11-18 07:50:10,326 - plugins.docker_client - INFO - Получено 9 контейнеров
2025-11-18 07:50:10,327 - docker_discoverer - INFO - Docker discoverer обнаружил 9 контейнеров
2025-11-18 07:50:10,327 - svc_app_discoverer - ERROR - Требуемые директории не существуют. app_root=/site/app, htdoc_root=/site/share/htdoc
2025-11-18 07:51:10,632 - plugins.docker_client - INFO - Получено 9 контейнеров
2025-11-18 07:51:10,633 - docker_discoverer - INFO - Docker discoverer обнаружил 9 контейнеров
2025-11-18 07:51:10,633 - svc_app_discoverer - ERROR - Требуемые директории не существуют. app_root=/site/app, htdoc_root=/site/share/htdoc
2025-11-18 07:52:10,939 - plugins.docker_client - INFO - Получено 9 контейнеров
2025-11-18 07:52:10,939 - docker_discoverer - INFO - Docker discoverer обнаружил 9 контейнеров
2025-11-18 07:52:10,939 - svc_app_discoverer - ERROR - Требуемые директории не существуют. app_root=/site/app, htdoc_root=/site/share/htdoc
2025-11-18 07:53:11,240 - plugins.docker_client - INFO - Получено 9 контейнеров
2025-11-18 07:53:11,240 - docker_discoverer - INFO - Docker discoverer обнаружил 9 контейнеров
2025-11-18 07:53:11,240 - svc_app_discoverer - ERROR - Требуемые директории не существуют. app_root=/site/app, htdoc_root=/site/share/htdoc
2025-11-18 07:54:11,545 - plugins.docker_client - INFO - Получено 9 контейнеров
2025-11-18 07:54:11,546 - docker_discoverer - INFO - Docker discoverer обнаружил 9 контейнеров
2025-11-18 07:54:11,546 - svc_app_discoverer - ERROR - Требуемые директории не существуют. app_root=/site/app, htdoc_root=/site/share/htdoc
2025-11-18 07:55:48,306 - plugins.docker_client - INFO - Получено 9 контейнеров
2025-11-18 07:55:48,307 - docker_discoverer - INFO - Docker discoverer обнаружил 9 контейнеров
2025-11-18 07:55:48,307 - svc_app_discoverer - ERROR - Требуемые директории не существуют. app_root=/site/app, htdoc_root=/site/share/htdoc
2025-11-18 07:56:48,593 - plugins.docker_client - INFO - Получено 9 контейнеров
2025-11-18 07:56:48,594 - docker_discoverer - INFO - Docker discoverer обнаружил 9 контейнеров
2025-11-18 07:56:48,594 - svc_app_discoverer - ERROR - Требуемые директории не существуют. app_root=/site/app, htdoc_root=/site/share/htdoc
2025-11-18 07:57:48,894 - plugins.docker_client - INFO - Получено 9 контейнеров
2025-11-18 07:57:48,895 - docker_discoverer - INFO - Docker discoverer обнаружил 9 контейнеров
2025-11-18 07:57:48,895 - svc_app_discoverer - ERROR - Требуемые директории не существуют. app_root=/site/app, htdoc_root=/site/share/htdoc
2025-11-18 07:58:49,200 - plugins.docker_client - INFO - Получено 9 контейнеров
2025-11-18 07:58:49,200 - docker_discoverer - INFO - Docker discoverer обнаружил 9 контейнеров
2025-11-18 07:58:49,201 - svc_app_discoverer - ERROR - Требуемые директории не существуют. app_root=/site/app, htdoc_root=/site/share/htdoc
2025-11-18 07:59:49,506 - plugins.docker_client - INFO - Получено 9 контейнеров
2025-11-18 07:59:49,506 - docker_discoverer - INFO - Docker discoverer обнаружил 9 контейнеров
2025-11-18 07:59:49,506 - svc_app_discoverer - ERROR - Требуемые директории не существуют. app_root=/site/app, htdoc_root=/site/share/htdoc
2025-11-18 08:00:49,809 - plugins.docker_client - INFO - Получено 9 контейнеров
2025-11-18 08:00:49,809 - docker_discoverer - INFO - Docker discoverer обнаружил 9 контейнеров
2025-11-18 08:00:49,809 - svc_app_discoverer - ERROR - Требуемые директории не существуют. app_root=/site/app, htdoc_root=/site/share/htdoc
2025-11-18 08:01:50,117 - plugins.docker_client - INFO - Получено 9 контейнеров
2025-11-18 08:01:50,118 - docker_discoverer - INFO - Docker discoverer обнаружил 9 контейнеров
2025-11-18 08:01:50,118 - svc_app_discoverer - ERROR - Требуемые директории не существуют. app_root=/site/app, htdoc_root=/site/share/htdoc
2025-11-18 08:02:50,426 - plugins.docker_client - INFO - Получено 9 контейнеров
2025-11-18 08:02:50,426 - docker_discoverer - INFO - Docker discoverer обнаружил 9 контейнеров
2025-11-18 08:02:50,426 - svc_app_discoverer - ERROR - Требуемые директории не существуют. app_root=/site/app, htdoc_root=/site/share/htdoc
2025-11-18 08:03:50,728 - plugins.docker_client - INFO - Получено 9 контейнеров
2025-11-18 08:03:50,728 - docker_discoverer - INFO - Docker discoverer обнаружил 9 контейнеров
2025-11-18 08:03:50,728 - svc_app_discoverer - ERROR - Требуемые директории не существуют. app_root=/site/app, htdoc_root=/site/share/htdoc
2025-11-18 08:04:51,038 - plugins.docker_client - INFO - Получено 9 контейнеров
2025-11-18 08:04:51,038 - docker_discoverer - INFO - Docker discoverer обнаружил 9 контейнеров
2025-11-18 08:04:51,038 - svc_app_discoverer - ERROR - Требуемые директории не существуют. app_root=/site/app, htdoc_root=/site/share/htdoc
2025-11-18 08:05:51,346 - plugins.docker_client - INFO - Получено 9 контейнеров
2025-11-18 08:05:51,346 - docker_discoverer - INFO - Docker discoverer обнаружил 9 контейнеров
2025-11-18 08:05:51,346 - svc_app_discoverer - ERROR - Требуемые директории не существуют. app_root=/site/app, htdoc_root=/site/share/htdoc
2025-11-18 08:06:51,659 - plugins.docker_client - INFO - Получено 9 контейнеров
2025-11-18 08:06:51,660 - docker_discoverer - INFO - Docker discoverer обнаружил 9 контейнеров
2025-11-18 08:06:51,660 - svc_app_discoverer - ERROR - Требуемые директории не существуют. app_root=/site/app, htdoc_root=/site/share/htdoc
2025-11-18 08:07:51,964 - plugins.docker_client - INFO - Получено 9 контейнеров
2025-11-18 08:07:51,965 - docker_discoverer - INFO - Docker discoverer обнаружил 9 контейнеров
2025-11-18 08:07:51,965 - svc_app_discoverer - ERROR - Требуемые директории не существуют. app_root=/site/app, htdoc_root=/site/share/htdoc
2025-11-18 08:08:52,272 - plugins.docker_client - INFO - Получено 9 контейнеров
2025-11-18 08:08:52,272 - docker_discoverer - INFO - Docker discoverer обнаружил 9 контейнеров
2025-11-18 08:08:52,272 - svc_app_discoverer - ERROR - Требуемые директории не существуют. app_root=/site/app, htdoc_root=/site/share/htdoc
2025-11-18 08:09:52,575 - plugins.docker_client - INFO - Получено 9 контейнеров
2025-11-18 08:09:52,575 - docker_discoverer - INFO - Docker discoverer обнаружил 9 контейнеров
2025-11-18 08:09:52,575 - svc_app_discoverer - ERROR - Требуемые директории не существуют. app_root=/site/app, htdoc_root=/site/share/htdoc
2025-11-18 08:10:52,882 - plugins.docker_client - INFO - Получено 9 контейнеров
2025-11-18 08:10:52,882 - docker_discoverer - INFO - Docker discoverer обнаружил 9 контейнеров
2025-11-18 08:10:52,882 - svc_app_discoverer - ERROR - Требуемые директории не существуют. app_root=/site/app, htdoc_root=/site/share/htdoc
2025-11-18 08:11:53,183 - plugins.docker_client - INFO - Получено 9 контейнеров
2025-11-18 08:11:53,184 - docker_discoverer - INFO - Docker discoverer обнаружил 9 контейнеров
2025-11-18 08:11:53,184 - svc_app_discoverer - ERROR - Требуемые директории не существуют. app_root=/site/app, htdoc_root=/site/share/htdoc
2025-11-18 08:12:53,490 - plugins.docker_client - INFO - Получено 9 контейнеров
2025-11-18 08:12:53,490 - docker_discoverer - INFO - Docker discoverer обнаружил 9 контейнеров
2025-11-18 08:12:53,490 - svc_app_discoverer - ERROR - Требуемые директории не существуют. app_root=/site/app, htdoc_root=/site/share/htdoc
2025-11-18 08:13:53,793 - plugins.docker_client - INFO - Получено 9 контейнеров
2025-11-18 08:13:53,793 - docker_discoverer - INFO - Docker discoverer обнаружил 9 контейнеров
2025-11-18 08:13:53,793 - svc_app_discoverer - ERROR - Требуемые директории не существуют. app_root=/site/app, htdoc_root=/site/share/htdoc
2025-11-18 08:14:54,105 - plugins.docker_client - INFO - Получено 9 контейнеров
2025-11-18 08:14:54,105 - docker_discoverer - INFO - Docker discoverer обнаружил 9 контейнеров
2025-11-18 08:14:54,105 - svc_app_discoverer - ERROR - Требуемые директории не существуют. app_root=/site/app, htdoc_root=/site/share/htdoc
2025-11-18 08:15:54,413 - plugins.docker_client - INFO - Получено 9 контейнеров
2025-11-18 08:15:54,413 - docker_discoverer - INFO - Docker discoverer обнаружил 9 контейнеров
2025-11-18 08:15:54,413 - svc_app_discoverer - ERROR - Требуемые директории не существуют. app_root=/site/app, htdoc_root=/site/share/htdoc
2025-11-18 08:16:54,720 - plugins.docker_client - INFO - Получено 9 контейнеров
2025-11-18 08:16:54,720 - docker_discoverer - INFO - Docker discoverer обнаружил 9 контейнеров
2025-11-18 08:16:54,720 - svc_app_discoverer - ERROR - Требуемые директории не существуют. app_root=/site/app, htdoc_root=/site/share/htdoc
2025-11-18 08:17:55,020 - plugins.docker_client - INFO - Получено 9 контейнеров
2025-11-18 08:17:55,020 - docker_discoverer - INFO - Docker discoverer обнаружил 9 контейнеров
2025-11-18 08:17:55,020 - svc_app_discoverer - ERROR - Требуемые директории не существуют. app_root=/site/app, htdoc_root=/site/share/htdoc
2025-11-18 08:18:55,328 - plugins.docker_client - INFO - Получено 9 контейнеров
2025-11-18 08:18:55,328 - docker_discoverer - INFO - Docker discoverer обнаружил 9 контейнеров
2025-11-18 08:18:55,328 - svc_app_discoverer - ERROR - Требуемые директории не существуют. app_root=/site/app, htdoc_root=/site/share/htdoc
2025-11-18 08:19:55,636 - plugins.docker_client - INFO - Получено 9 контейнеров
2025-11-18 08:19:55,637 - docker_discoverer - INFO - Docker discoverer обнаружил 9 контейнеров
2025-11-18 08:19:55,637 - svc_app_discoverer - ERROR - Требуемые директории не существуют. app_root=/site/app, htdoc_root=/site/share/htdoc
2025-11-18 08:20:55,944 - plugins.docker_client - INFO - Получено 9 контейнеров
2025-11-18 08:20:55,944 - docker_discoverer - INFO - Docker discoverer обнаружил 9 контейнеров
2025-11-18 08:20:55,944 - svc_app_discoverer - ERROR - Требуемые директории не существуют. app_root=/site/app, htdoc_root=/site/share/htdoc
2025-11-18 08:21:56,252 - plugins.docker_client - INFO - Получено 9 контейнеров
2025-11-18 08:21:56,253 - docker_discoverer - INFO - Docker discoverer обнаружил 9 контейнеров
2025-11-18 08:21:56,253 - svc_app_discoverer - ERROR - Требуемые директории не существуют. app_root=/site/app, htdoc_root=/site/share/htdoc
2025-11-18 08:22:56,558 - plugins.docker_client - INFO - Получено 9 контейнеров
2025-11-18 08:22:56,558 - docker_discoverer - INFO - Docker discoverer обнаружил 9 контейнеров
2025-11-18 08:22:56,558 - svc_app_discoverer - ERROR - Требуемые директории не существуют. app_root=/site/app, htdoc_root=/site/share/htdoc
2025-11-18 08:23:56,858 - plugins.docker_client - INFO - Получено 9 контейнеров
2025-11-18 08:23:56,858 - docker_discoverer - INFO - Docker discoverer обнаружил 9 контейнеров
2025-11-18 08:23:56,858 - svc_app_discoverer - ERROR - Требуемые директории не существуют. app_root=/site/app, htdoc_root=/site/share/htdoc
2025-11-18 08:24:57,161 - plugins.docker_client - INFO - Получено 9 контейнеров
2025-11-18 08:24:57,161 - docker_discoverer - INFO - Docker discoverer обнаружил 9 контейнеров
2025-11-18 08:24:57,162 - svc_app_discoverer - ERROR - Требуемые директории не существуют. app_root=/site/app, htdoc_root=/site/share/htdoc
2025-11-18 08:25:57,468 - plugins.docker_client - INFO - Получено 9 контейнеров
2025-11-18 08:25:57,468 - docker_discoverer - INFO - Docker discoverer обнаружил 9 контейнеров
2025-11-18 08:25:57,468 - svc_app_discoverer - ERROR - Требуемые директории не существуют. app_root=/site/app, htdoc_root=/site/share/htdoc
2025-11-18 08:26:57,768 - plugins.docker_client - INFO - Получено 9 контейнеров
2025-11-18 08:26:57,768 - docker_discoverer - INFO - Docker discoverer обнаружил 9 контейнеров
2025-11-18 08:26:57,768 - svc_app_discoverer - ERROR - Требуемые директории не существуют. app_root=/site/app, htdoc_root=/site/share/htdoc
2025-11-18 08:27:58,082 - plugins.docker_client - INFO - Получено 9 контейнеров
2025-11-18 08:27:58,082 - docker_discoverer - INFO - Docker discoverer обнаружил 9 контейнеров
2025-11-18 08:27:58,082 - svc_app_discoverer - ERROR - Требуемые директории не существуют. app_root=/site/app, htdoc_root=/site/share/htdoc
2025-11-18 08:28:58,384 - plugins.docker_client - INFO - Получено 9 контейнеров
2025-11-18 08:28:58,385 - docker_discoverer - INFO - Docker discoverer обнаружил 9 контейнеров
2025-11-18 08:28:58,385 - svc_app_discoverer - ERROR - Требуемые директории не существуют. app_root=/site/app, htdoc_root=/site/share/htdoc
2025-11-18 08:29:58,691 - plugins.docker_client - INFO - Получено 9 контейнеров
2025-11-18 08:29:58,691 - docker_discoverer - INFO - Docker discoverer обнаружил 9 контейнеров
2025-11-18 08:29:58,691 - svc_app_discoverer - ERROR - Требуемые директории не существуют. app_root=/site/app, htdoc_root=/site/share/htdoc
2025-11-18 08:30:59,003 - plugins.docker_client - INFO - Получено 9 контейнеров
2025-11-18 08:30:59,003 - docker_discoverer - INFO - Docker discoverer обнаружил 9 контейнеров
2025-11-18 08:30:59,003 - svc_app_discoverer - ERROR - Требуемые директории не существуют. app_root=/site/app, htdoc_root=/site/share/htdoc
2025-11-18 08:31:59,303 - plugins.docker_client - INFO - Получено 9 контейнеров
2025-11-18 08:31:59,303 - docker_discoverer - INFO - Docker discoverer обнаружил 9 контейнеров
2025-11-18 08:31:59,303 - svc_app_discoverer - ERROR - Требуемые директории не существуют. app_root=/site/app, htdoc_root=/site/share/htdoc
2025-11-18 08:32:59,604 - plugins.docker_client - INFO - Получено 9 контейнеров
2025-11-18 08:32:59,604 - docker_discoverer - INFO - Docker discoverer обнаружил 9 контейнеров
2025-11-18 08:32:59,604 - svc_app_discoverer - ERROR - Требуемые директории не существуют. app_root=/site/app, htdoc_root=/site/share/htdoc
2025-11-18 08:33:59,910 - plugins.docker_client - INFO - Получено 9 контейнеров
2025-11-18 08:33:59,910 - docker_discoverer - INFO - Docker discoverer обнаружил 9 контейнеров
2025-11-18 08:33:59,910 - svc_app_discoverer - ERROR - Требуемые директории не существуют. app_root=/site/app, htdoc_root=/site/share/htdoc
2025-11-18 08:35:00,214 - plugins.docker_client - INFO - Получено 9 контейнеров
2025-11-18 08:35:00,214 - docker_discoverer - INFO - Docker discoverer обнаружил 9 контейнеров
2025-11-18 08:35:00,214 - svc_app_discoverer - ERROR - Требуемые директории не существуют. app_root=/site/app, htdoc_root=/site/share/htdoc
2025-11-18 08:36:00,518 - plugins.docker_client - INFO - Получено 9 контейнеров
2025-11-18 08:36:00,518 - docker_discoverer - INFO - Docker discoverer обнаружил 9 контейнеров
2025-11-18 08:36:00,518 - svc_app_discoverer - ERROR - Требуемые директории не существуют. app_root=/site/app, htdoc_root=/site/share/htdoc
2025-11-18 08:37:00,825 - plugins.docker_client - INFO - Получено 9 контейнеров
2025-11-18 08:37:00,825 - docker_discoverer - INFO - Docker discoverer обнаружил 9 контейнеров
2025-11-18 08:37:00,825 - svc_app_discoverer - ERROR - Требуемые директории не существуют. app_root=/site/app, htdoc_root=/site/share/htdoc
2025-11-18 08:38:01,129 - plugins.docker_client - INFO - Получено 9 контейнеров
2025-11-18 08:38:01,129 - docker_discoverer - INFO - Docker discoverer обнаружил 9 контейнеров
2025-11-18 08:38:01,129 - svc_app_discoverer - ERROR - Требуемые директории не существуют. app_root=/site/app, htdoc_root=/site/share/htdoc
2025-11-18 08:39:01,432 - plugins.docker_client - INFO - Получено 9 контейнеров
2025-11-18 08:39:01,432 - docker_discoverer - INFO - Docker discoverer обнаружил 9 контейнеров
2025-11-18 08:39:01,432 - svc_app_discoverer - ERROR - Требуемые директории не существуют. app_root=/site/app, htdoc_root=/site/share/htdoc
2025-11-18 08:40:01,733 - plugins.docker_client - INFO - Получено 9 контейнеров
2025-11-18 08:40:01,733 - docker_discoverer - INFO - Docker discoverer обнаружил 9 контейнеров
2025-11-18 08:40:01,733 - svc_app_discoverer - ERROR - Требуемые директории не существуют. app_root=/site/app, htdoc_root=/site/share/htdoc
2025-11-18 08:41:02,040 - plugins.docker_client - INFO - Получено 9 контейнеров
2025-11-18 08:41:02,040 - docker_discoverer - INFO - Docker discoverer обнаружил 9 контейнеров
2025-11-18 08:41:02,040 - svc_app_discoverer - ERROR - Требуемые директории не существуют. app_root=/site/app, htdoc_root=/site/share/htdoc
2025-11-18 08:42:02,347 - plugins.docker_client - INFO - Получено 9 контейнеров
2025-11-18 08:42:02,347 - docker_discoverer - INFO - Docker discoverer обнаружил 9 контейнеров
2025-11-18 08:42:02,347 - svc_app_discoverer - ERROR - Требуемые директории не существуют. app_root=/site/app, htdoc_root=/site/share/htdoc
2025-11-18 08:43:02,651 - plugins.docker_client - INFO - Получено 9 контейнеров
2025-11-18 08:43:02,651 - docker_discoverer - INFO - Docker discoverer обнаружил 9 контейнеров
2025-11-18 08:43:02,651 - svc_app_discoverer - ERROR - Требуемые директории не существуют. app_root=/site/app, htdoc_root=/site/share/htdoc
2025-11-18 08:44:02,956 - plugins.docker_client - INFO - Получено 9 контейнеров
2025-11-18 08:44:02,956 - docker_discoverer - INFO - Docker discoverer обнаружил 9 контейнеров
2025-11-18 08:44:02,957 - svc_app_discoverer - ERROR - Требуемые директории не существуют. app_root=/site/app, htdoc_root=/site/share/htdoc
2025-11-18 08:45:03,262 - plugins.docker_client - INFO - Получено 9 контейнеров
2025-11-18 08:45:03,263 - docker_discoverer - INFO - Docker discoverer обнаружил 9 контейнеров
2025-11-18 08:45:03,263 - svc_app_discoverer - ERROR - Требуемые директории не существуют. app_root=/site/app, htdoc_root=/site/share/htdoc
2025-11-18 08:46:03,562 - plugins.docker_client - INFO - Получено 9 контейнеров
2025-11-18 08:46:03,562 - docker_discoverer - INFO - Docker discoverer обнаружил 9 контейнеров
2025-11-18 08:46:03,562 - svc_app_discoverer - ERROR - Требуемые директории не существуют. app_root=/site/app, htdoc_root=/site/share/htdoc
2025-11-18 08:47:03,867 - plugins.docker_client - INFO - Получено 9 контейнеров
2025-11-18 08:47:03,867 - docker_discoverer - INFO - Docker discoverer обнаружил 9 контейнеров
2025-11-18 08:47:03,867 - svc_app_discoverer - ERROR - Требуемые директории не существуют. app_root=/site/app, htdoc_root=/site/share/htdoc
2025-11-18 08:48:04,172 - plugins.docker_client - INFO - Получено 9 контейнеров
2025-11-18 08:48:04,172 - docker_discoverer - INFO - Docker discoverer обнаружил 9 контейнеров
2025-11-18 08:48:04,172 - svc_app_discoverer - ERROR - Требуемые директории не существуют. app_root=/site/app, htdoc_root=/site/share/htdoc
2025-11-18 08:49:04,471 - plugins.docker_client - INFO - Получено 9 контейнеров
2025-11-18 08:49:04,472 - docker_discoverer - INFO - Docker discoverer обнаружил 9 контейнеров
2025-11-18 08:49:04,472 - svc_app_discoverer - ERROR - Требуемые директории не существуют. app_root=/site/app, htdoc_root=/site/share/htdoc
2025-11-18 08:50:04,772 - plugins.docker_client - INFO - Получено 9 контейнеров
2025-11-18 08:50:04,772 - docker_discoverer - INFO - Docker discoverer обнаружил 9 контейнеров
2025-11-18 08:50:04,772 - svc_app_discoverer - ERROR - Требуемые директории не существуют. app_root=/site/app, htdoc_root=/site/share/htdoc
2025-11-18 08:51:05,076 - plugins.docker_client - INFO - Получено 9 контейнеров
2025-11-18 08:51:05,076 - docker_discoverer - INFO - Docker discoverer обнаружил 9 контейнеров
2025-11-18 08:51:05,076 - svc_app_discoverer - ERROR - Требуемые директории не существуют. app_root=/site/app, htdoc_root=/site/share/htdoc
2025-11-18 08:52:05,378 - plugins.docker_client - INFO - Получено 9 контейнеров
2025-11-18 08:52:05,378 - docker_discoverer - INFO - Docker discoverer обнаружил 9 контейнеров
2025-11-18 08:52:05,378 - svc_app_discoverer - ERROR - Требуемые директории не существуют. app_root=/site/app, htdoc_root=/site/share/htdoc
2025-11-18 08:53:05,679 - plugins.docker_client - INFO - Получено 9 контейнеров
2025-11-18 08:53:05,679 - docker_discoverer - INFO - Docker discoverer обнаружил 9 контейнеров
2025-11-18 08:53:05,679 - svc_app_discoverer - ERROR - Требуемые директории не существуют. app_root=/site/app, htdoc_root=/site/share/htdoc
2025-11-18 08:54:05,983 - plugins.docker_client - INFO - Получено 9 контейнеров
2025-11-18 08:54:05,983 - docker_discoverer - INFO - Docker discoverer обнаружил 9 контейнеров
2025-11-18 08:54:05,983 - svc_app_discoverer - ERROR - Требуемые директории не существуют. app_root=/site/app, htdoc_root=/site/share/htdoc
2025-11-18 08:55:06,285 - plugins.docker_client - INFO - Получено 9 контейнеров
2025-11-18 08:55:06,285 - docker_discoverer - INFO - Docker discoverer обнаружил 9 контейнеров
2025-11-18 08:55:06,285 - svc_app_discoverer - ERROR - Требуемые директории не существуют. app_root=/site/app, htdoc_root=/site/share/htdoc
2025-11-18 08:56:06,597 - plugins.docker_client - INFO - Получено 9 контейнеров
2025-11-18 08:56:06,597 - docker_discoverer - INFO - Docker discoverer обнаружил 9 контейнеров
2025-11-18 08:56:06,597 - svc_app_discoverer - ERROR - Требуемые директории не существуют. app_root=/site/app, htdoc_root=/site/share/htdoc
2025-11-18 08:57:06,910 - plugins.docker_client - INFO - Получено 9 контейнеров
2025-11-18 08:57:06,910 - docker_discoverer - INFO - Docker discoverer обнаружил 9 контейнеров
2025-11-18 08:57:06,910 - svc_app_discoverer - ERROR - Требуемые директории не существуют. app_root=/site/app, htdoc_root=/site/share/htdoc
2025-11-18 08:58:07,214 - plugins.docker_client - INFO - Получено 9 контейнеров
2025-11-18 08:58:07,215 - docker_discoverer - INFO - Docker discoverer обнаружил 9 контейнеров
2025-11-18 08:58:07,215 - svc_app_discoverer - ERROR - Требуемые директории не существуют. app_root=/site/app, htdoc_root=/site/share/htdoc
2025-11-18 08:59:07,522 - plugins.docker_client - INFO - Получено 9 контейнеров
2025-11-18 08:59:07,522 - docker_discoverer - INFO - Docker discoverer обнаружил 9 контейнеров
2025-11-18 08:59:07,522 - svc_app_discoverer - ERROR - Требуемые директории не существуют. app_root=/site/app, htdoc_root=/site/share/htdoc
2025-11-18 09:00:07,824 - plugins.docker_client - INFO - Получено 9 контейнеров
2025-11-18 09:00:07,824 - docker_discoverer - INFO - Docker discoverer обнаружил 9 контейнеров
2025-11-18 09:00:07,824 - svc_app_discoverer - ERROR - Требуемые директории не существуют. app_root=/site/app, htdoc_root=/site/share/htdoc
2025-11-18 09:01:08,130 - plugins.docker_client - INFO - Получено 9 контейнеров
2025-11-18 09:01:08,130 - docker_discoverer - INFO - Docker discoverer обнаружил 9 контейнеров
2025-11-18 09:01:08,130 - svc_app_discoverer - ERROR - Требуемые директории не существуют. app_root=/site/app, htdoc_root=/site/share/htdoc
2025-11-18 09:02:08,434 - plugins.docker_client - INFO - Получено 9 контейнеров
2025-11-18 09:02:08,434 - docker_discoverer - INFO - Docker discoverer обнаружил 9 контейнеров
2025-11-18 09:02:08,434 - svc_app_discoverer - ERROR - Требуемые директории не существуют. app_root=/site/app, htdoc_root=/site/share/htdoc
2025-11-18 09:03:08,733 - plugins.docker_client - INFO - Получено 9 контейнеров
2025-11-18 09:03:08,733 - docker_discoverer - INFO - Docker discoverer обнаружил 9 контейнеров
2025-11-18 09:03:08,733 - svc_app_discoverer - ERROR - Требуемые директории не существуют. app_root=/site/app, htdoc_root=/site/share/htdoc
2025-11-18 09:04:09,032 - plugins.docker_client - INFO - Получено 9 контейнеров
2025-11-18 09:04:09,032 - docker_discoverer - INFO - Docker discoverer обнаружил 9 контейнеров
2025-11-18 09:04:09,032 - svc_app_discoverer - ERROR - Требуемые директории не существуют. app_root=/site/app, htdoc_root=/site/share/htdoc
2025-11-18 09:05:09,335 - plugins.docker_client - INFO - Получено 9 контейнеров
2025-11-18 09:05:09,336 - docker_discoverer - INFO - Docker discoverer обнаружил 9 контейнеров
2025-11-18 09:05:09,336 - svc_app_discoverer - ERROR - Требуемые директории не существуют. app_root=/site/app, htdoc_root=/site/share/htdoc
2025-11-18 09:06:09,633 - plugins.docker_client - INFO - Получено 9 контейнеров
2025-11-18 09:06:09,633 - docker_discoverer - INFO - Docker discoverer обнаружил 9 контейнеров
2025-11-18 09:06:09,633 - svc_app_discoverer - ERROR - Требуемые директории не существуют. app_root=/site/app, htdoc_root=/site/share/htdoc
2025-11-18 09:07:09,941 - plugins.docker_client - INFO - Получено 9 контейнеров
2025-11-18 09:07:09,941 - docker_discoverer - INFO - Docker discoverer обнаружил 9 контейнеров
2025-11-18 09:07:09,941 - svc_app_discoverer - ERROR - Требуемые директории не существуют. app_root=/site/app, htdoc_root=/site/share/htdoc
2025-11-18 09:08:10,243 - plugins.docker_client - INFO - Получено 9 контейнеров
2025-11-18 09:08:10,243 - docker_discoverer - INFO - Docker discoverer обнаружил 9 контейнеров
2025-11-18 09:08:10,243 - svc_app_discoverer - ERROR - Требуемые директории не существуют. app_root=/site/app, htdoc_root=/site/share/htdoc
2025-11-18 09:09:10,548 - plugins.docker_client - INFO - Получено 9 контейнеров
2025-11-18 09:09:10,548 - docker_discoverer - INFO - Docker discoverer обнаружил 9 контейнеров
2025-11-18 09:09:10,548 - svc_app_discoverer - ERROR - Требуемые директории не существуют. app_root=/site/app, htdoc_root=/site/share/htdoc
2025-11-18 09:10:10,856 - plugins.docker_client - INFO - Получено 9 контейнеров
2025-11-18 09:10:10,856 - docker_discoverer - INFO - Docker discoverer обнаружил 9 контейнеров
2025-11-18 09:10:10,856 - svc_app_discoverer - ERROR - Требуемые директории не существуют. app_root=/site/app, htdoc_root=/site/share/htdoc
2025-11-18 09:11:11,158 - plugins.docker_client - INFO - Получено 9 контейнеров
2025-11-18 09:11:11,158 - docker_discoverer - INFO - Docker discoverer обнаружил 9 контейнеров
2025-11-18 09:11:11,158 - svc_app_discoverer - ERROR - Требуемые директории не существуют. app_root=/site/app, htdoc_root=/site/share/htdoc
2025-11-18 09:12:11,458 - plugins.docker_client - INFO - Получено 9 контейнеров
2025-11-18 09:12:11,459 - docker_discoverer - INFO - Docker discoverer обнаружил 9 контейнеров
2025-11-18 09:12:11,459 - svc_app_discoverer - ERROR - Требуемые директории не существуют. app_root=/site/app, htdoc_root=/site/share/htdoc
2025-11-18 09:13:11,762 - plugins.docker_client - INFO - Получено 9 контейнеров
2025-11-18 09:13:11,762 - docker_discoverer - INFO - Docker discoverer обнаружил 9 контейнеров
2025-11-18 09:13:11,762 - svc_app_discoverer - ERROR - Требуемые директории не существуют. app_root=/site/app, htdoc_root=/site/share/htdoc
2025-11-18 09:14:12,063 - plugins.docker_client - INFO - Получено 9 контейнеров
2025-11-18 09:14:12,063 - docker_discoverer - INFO - Docker discoverer обнаружил 9 контейнеров
2025-11-18 09:14:12,063 - svc_app_discoverer - ERROR - Требуемые директории не существуют. app_root=/site/app, htdoc_root=/site/share/htdoc
2025-11-18 09:15:12,375 - plugins.docker_client - INFO - Получено 9 контейнеров
2025-11-18 09:15:12,375 - docker_discoverer - INFO - Docker discoverer обнаружил 9 контейнеров
2025-11-18 09:15:12,375 - svc_app_discoverer - ERROR - Требуемые директории не существуют. app_root=/site/app, htdoc_root=/site/share/htdoc
2025-11-18 09:16:12,682 - plugins.docker_client - INFO - Получено 9 контейнеров
2025-11-18 09:16:12,683 - docker_discoverer - INFO - Docker discoverer обнаружил 9 контейнеров
2025-11-18 09:16:12,683 - svc_app_discoverer - ERROR - Требуемые директории не существуют. app_root=/site/app, htdoc_root=/site/share/htdoc
2025-11-18 09:17:12,979 - plugins.docker_client - INFO - Получено 9 контейнеров
2025-11-18 09:17:12,979 - docker_discoverer - INFO - Docker discoverer обнаружил 9 контейнеров
2025-11-18 09:17:12,979 - svc_app_discoverer - ERROR - Требуемые директории не существуют. app_root=/site/app, htdoc_root=/site/share/htdoc
2025-11-18 09:18:13,278 - plugins.docker_client - INFO - Получено 9 контейнеров
2025-11-18 09:18:13,278 - docker_discoverer - INFO - Docker discoverer обнаружил 9 контейнеров
2025-11-18 09:18:13,278 - svc_app_discoverer - ERROR - Требуемые директории не существуют. app_root=/site/app, htdoc_root=/site/share/htdoc
2025-11-18 09:19:13,581 - plugins.docker_client - INFO - Получено 9 контейнеров
2025-11-18 09:19:13,581 - docker_discoverer - INFO - Docker discoverer обнаружил 9 контейнеров
2025-11-18 09:19:13,582 - svc_app_discoverer - ERROR - Требуемые директории не существуют. app_root=/site/app, htdoc_root=/site/share/htdoc
2025-11-18 09:20:13,875 - plugins.docker_client - INFO - Получено 9 контейнеров
2025-11-18 09:20:13,876 - docker_discoverer - INFO - Docker discoverer обнаружил 9 контейнеров
2025-11-18 09:20:13,876 - svc_app_discoverer - ERROR - Требуемые директории не существуют. app_root=/site/app, htdoc_root=/site/share/htdoc
2025-11-18 09:21:14,180 - plugins.docker_client - INFO - Получено 9 контейнеров
2025-11-18 09:21:14,180 - docker_discoverer - INFO - Docker discoverer обнаружил 9 контейнеров
2025-11-18 09:21:14,180 - svc_app_discoverer - ERROR - Требуемые директории не существуют. app_root=/site/app, htdoc_root=/site/share/htdoc
2025-11-18 09:22:14,479 - plugins.docker_client - INFO - Получено 9 контейнеров
2025-11-18 09:22:14,479 - docker_discoverer - INFO - Docker discoverer обнаружил 9 контейнеров
2025-11-18 09:22:14,479 - svc_app_discoverer - ERROR - Требуемые директории не существуют. app_root=/site/app, htdoc_root=/site/share/htdoc
2025-11-18 09:23:14,785 - plugins.docker_client - INFO - Получено 9 контейнеров
2025-11-18 09:23:14,785 - docker_discoverer - INFO - Docker discoverer обнаружил 9 контейнеров
2025-11-18 09:23:14,785 - svc_app_discoverer - ERROR - Требуемые директории не существуют. app_root=/site/app, htdoc_root=/site/share/htdoc
2025-11-18 09:24:15,083 - plugins.docker_client - INFO - Получено 9 контейнеров
2025-11-18 09:24:15,083 - docker_discoverer - INFO - Docker discoverer обнаружил 9 контейнеров
2025-11-18 09:24:15,083 - svc_app_discoverer - ERROR - Требуемые директории не существуют. app_root=/site/app, htdoc_root=/site/share/htdoc
2025-11-18 09:25:15,382 - plugins.docker_client - INFO - Получено 9 контейнеров
2025-11-18 09:25:15,382 - docker_discoverer - INFO - Docker discoverer обнаружил 9 контейнеров
2025-11-18 09:25:15,382 - svc_app_discoverer - ERROR - Требуемые директории не существуют. app_root=/site/app, htdoc_root=/site/share/htdoc
2025-11-18 09:26:15,690 - plugins.docker_client - INFO - Получено 9 контейнеров
2025-11-18 09:26:15,691 - docker_discoverer - INFO - Docker discoverer обнаружил 9 контейнеров
2025-11-18 09:26:15,691 - svc_app_discoverer - ERROR - Требуемые директории не существуют. app_root=/site/app, htdoc_root=/site/share/htdoc
2025-11-18 09:27:16,014 - plugins.docker_client - INFO - Получено 9 контейнеров
2025-11-18 09:27:16,014 - docker_discoverer - INFO - Docker discoverer обнаружил 9 контейнеров
2025-11-18 09:27:16,014 - svc_app_discoverer - ERROR - Требуемые директории не существуют. app_root=/site/app, htdoc_root=/site/share/htdoc
2025-11-18 09:28:16,347 - plugins.docker_client - INFO - Получено 9 контейнеров
2025-11-18 09:28:16,347 - docker_discoverer - INFO - Docker discoverer обнаружил 9 контейнеров
2025-11-18 09:28:16,348 - svc_app_discoverer - ERROR - Требуемые директории не существуют. app_root=/site/app, htdoc_root=/site/share/htdoc
2025-11-18 09:29:16,663 - plugins.docker_client - INFO - Получено 9 контейнеров
2025-11-18 09:29:16,663 - docker_discoverer - INFO - Docker discoverer обнаружил 9 контейнеров
2025-11-18 09:29:16,663 - svc_app_discoverer - ERROR - Требуемые директории не существуют. app_root=/site/app, htdoc_root=/site/share/htdoc
2025-11-18 09:30:16,969 - plugins.docker_client - INFO - Получено 9 контейнеров
2025-11-18 09:30:16,969 - docker_discoverer - INFO - Docker discoverer обнаружил 9 контейнеров
2025-11-18 09:30:16,969 - svc_app_discoverer - ERROR - Требуемые директории не существуют. app_root=/site/app, htdoc_root=/site/share/htdoc
2025-11-18 09:31:17,286 - plugins.docker_client - INFO - Получено 9 контейнеров
2025-11-18 09:31:17,287 - docker_discoverer - INFO - Docker discoverer обнаружил 9 контейнеров
2025-11-18 09:31:17,287 - svc_app_discoverer - ERROR - Требуемые директории не существуют. app_root=/site/app, htdoc_root=/site/share/htdoc
2025-11-18 09:32:17,592 - plugins.docker_client - INFO - Получено 9 контейнеров
2025-11-18 09:32:17,592 - docker_discoverer - INFO - Docker discoverer обнаружил 9 контейнеров
2025-11-18 09:32:17,593 - svc_app_discoverer - ERROR - Требуемые директории не существуют. app_root=/site/app, htdoc_root=/site/share/htdoc
2025-11-18 09:33:17,899 - plugins.docker_client - INFO - Получено 9 контейнеров
2025-11-18 09:33:17,899 - docker_discoverer - INFO - Docker discoverer обнаружил 9 контейнеров
2025-11-18 09:33:17,899 - svc_app_discoverer - ERROR - Требуемые директории не существуют. app_root=/site/app, htdoc_root=/site/share/htdoc
2025-11-18 09:34:18,207 - plugins.docker_client - INFO - Получено 9 контейнеров
2025-11-18 09:34:18,208 - docker_discoverer - INFO - Docker discoverer обнаружил 9 контейнеров
2025-11-18 09:34:18,208 - svc_app_discoverer - ERROR - Требуемые директории не существуют. app_root=/site/app, htdoc_root=/site/share/htdoc
2025-11-18 09:35:18,510 - plugins.docker_client - INFO - Получено 9 контейнеров
2025-11-18 09:35:18,510 - docker_discoverer - INFO - Docker discoverer обнаружил 9 контейнеров
2025-11-18 09:35:18,510 - svc_app_discoverer - ERROR - Требуемые директории не существуют. app_root=/site/app, htdoc_root=/site/share/htdoc
2025-11-18 09:36:18,811 - plugins.docker_client - INFO - Получено 9 контейнеров
2025-11-18 09:36:18,811 - docker_discoverer - INFO - Docker discoverer обнаружил 9 контейнеров
2025-11-18 09:36:18,811 - svc_app_discoverer - ERROR - Требуемые директории не существуют. app_root=/site/app, htdoc_root=/site/share/htdoc
2025-11-18 09:37:19,114 - plugins.docker_client - INFO - Получено 9 контейнеров
2025-11-18 09:37:19,114 - docker_discoverer - INFO - Docker discoverer обнаружил 9 контейнеров
2025-11-18 09:37:19,114 - svc_app_discoverer - ERROR - Требуемые директории не существуют. app_root=/site/app, htdoc_root=/site/share/htdoc
2025-11-18 09:38:19,429 - plugins.docker_client - INFO - Получено 9 контейнеров
2025-11-18 09:38:19,429 - docker_discoverer - INFO - Docker discoverer обнаружил 9 контейнеров
2025-11-18 09:38:19,429 - svc_app_discoverer - ERROR - Требуемые директории не существуют. app_root=/site/app, htdoc_root=/site/share/htdoc
2025-11-18 09:39:19,720 - plugins.docker_client - INFO - Получено 9 контейнеров
2025-11-18 09:39:19,720 - docker_discoverer - INFO - Docker discoverer обнаружил 9 контейнеров
2025-11-18 09:39:19,720 - svc_app_discoverer - ERROR - Требуемые директории не существуют. app_root=/site/app, htdoc_root=/site/share/htdoc
2025-11-18 09:40:20,025 - plugins.docker_client - INFO - Получено 9 контейнеров
2025-11-18 09:40:20,025 - docker_discoverer - INFO - Docker discoverer обнаружил 9 контейнеров
2025-11-18 09:40:20,025 - svc_app_discoverer - ERROR - Требуемые директории не существуют. app_root=/site/app, htdoc_root=/site/share/htdoc
2025-11-18 09:41:20,330 - plugins.docker_client - INFO - Получено 9 контейнеров
2025-11-18 09:41:20,330 - docker_discoverer - INFO - Docker discoverer обнаружил 9 контейнеров
2025-11-18 09:41:20,331 - svc_app_discoverer - ERROR - Требуемые директории не существуют. app_root=/site/app, htdoc_root=/site/share/htdoc
2025-11-18 09:42:20,637 - plugins.docker_client - INFO - Получено 9 контейнеров
2025-11-18 09:42:20,637 - docker_discoverer - INFO - Docker discoverer обнаружил 9 контейнеров
2025-11-18 09:42:20,637 - svc_app_discoverer - ERROR - Требуемые директории не существуют. app_root=/site/app, htdoc_root=/site/share/htdoc
2025-11-18 09:43:20,938 - plugins.docker_client - INFO - Получено 9 контейнеров
2025-11-18 09:43:20,938 - docker_discoverer - INFO - Docker discoverer обнаружил 9 контейнеров
2025-11-18 09:43:20,938 - svc_app_discoverer - ERROR - Требуемые директории не существуют. app_root=/site/app, htdoc_root=/site/share/htdoc
2025-11-18 09:44:21,245 - plugins.docker_client - INFO - Получено 9 контейнеров
2025-11-18 09:44:21,245 - docker_discoverer - INFO - Docker discoverer обнаружил 9 контейнеров
2025-11-18 09:44:21,245 - svc_app_discoverer - ERROR - Требуемые директории не существуют. app_root=/site/app, htdoc_root=/site/share/htdoc
2025-11-18 09:45:21,854 - plugins.docker_client - INFO - Получено 9 контейнеров
2025-11-18 09:45:21,854 - docker_discoverer - INFO - Docker discoverer обнаружил 9 контейнеров
2025-11-18 09:45:21,854 - svc_app_discoverer - ERROR - Требуемые директории не существуют. app_root=/site/app, htdoc_root=/site/share/htdoc
2025-11-18 09:46:22,173 - plugins.docker_client - INFO - Получено 9 контейнеров
2025-11-18 09:46:22,173 - docker_discoverer - INFO - Docker discoverer обнаружил 9 контейнеров
2025-11-18 09:46:22,173 - svc_app_discoverer - ERROR - Требуемые директории не существуют. app_root=/site/app, htdoc_root=/site/share/htdoc
2025-11-18 09:47:22,532 - plugins.docker_client - INFO - Получено 9 контейнеров
2025-11-18 09:47:22,532 - docker_discoverer - INFO - Docker discoverer обнаружил 9 контейнеров
2025-11-18 09:47:22,532 - svc_app_discoverer - ERROR - Требуемые директории не существуют. app_root=/site/app, htdoc_root=/site/share/htdoc
2025-11-18 09:48:22,849 - plugins.docker_client - INFO - Получено 9 контейнеров
2025-11-18 09:48:22,850 - docker_discoverer - INFO - Docker discoverer обнаружил 9 контейнеров
2025-11-18 09:48:22,850 - svc_app_discoverer - ERROR - Требуемые директории не существуют. app_root=/site/app, htdoc_root=/site/share/htdoc
2025-11-18 09:49:24,620 - plugins.docker_client - INFO - Получено 9 контейнеров
2025-11-18 09:49:24,621 - docker_discoverer - INFO - Docker discoverer обнаружил 9 контейнеров
2025-11-18 09:49:24,621 - svc_app_discoverer - ERROR - Требуемые директории не существуют. app_root=/site/app, htdoc_root=/site/share/htdoc
2025-11-18 09:50:24,924 - plugins.docker_client - INFO - Получено 9 контейнеров
2025-11-18 09:50:24,924 - docker_discoverer - INFO - Docker discoverer обнаружил 9 контейнеров
2025-11-18 09:50:24,925 - svc_app_discoverer - ERROR - Требуемые директории не существуют. app_root=/site/app, htdoc_root=/site/share/htdoc
2025-12-09 21:43:51,587 - root - INFO - Starting Application Discovery Agent...
2025-12-09 21:43:51,587 - __main__ - INFO - Initializing discovery manager...
2025-12-09 21:43:51,587 - discovery - INFO - Loading plugins from: /site/app/FAgent/project/plugins
2025-12-09 21:43:51,638 - eureka_discoverer - INFO - Eureka discoverer отключен в конфигурации
2025-12-09 21:43:51,638 - discovery - INFO -   - Loaded discoverer: EurekaDiscoverer
2025-12-09 21:43:51,677 - docker_discoverer - INFO - Docker discoverer инициализирован
2025-12-09 21:43:51,678 - discovery - INFO -   - Loaded discoverer: DockerDiscoverer
2025-12-09 21:43:51,680 - svc_app_discoverer - INFO - SVCAppDiscoverer инициализирован. Поддерживаемые расширения: jar, war
2025-12-09 21:43:51,681 - svc_app_discoverer - WARNING - Директория дистрибутивов не существует: /site/share/htdoc
2025-12-09 21:43:51,681 - discovery - INFO -   - Loaded discoverer: SVCAppDiscoverer
2025-12-09 21:43:51,681 - __main__ - INFO - Plugins loaded: 3
2025-12-09 21:43:51,681 - __main__ - INFO -   - EurekaDiscoverer
2025-12-09 21:43:51,681 - __main__ - INFO -   - DockerDiscoverer
2025-12-09 21:43:51,681 - __main__ - INFO -   - SVCAppDiscoverer
2025-12-09 21:43:51,681 - __main__ - INFO - Выполнение пробного обнаружения...
2025-12-09 21:43:51,720 - plugins.docker_client - INFO - Получено 6 контейнеров
2025-12-09 21:43:51,732 - docker_discoverer - INFO - Docker discoverer обнаружил 6 контейнеров
2025-12-09 21:43:51,732 - svc_app_discoverer - ERROR - Требуемые директории не существуют. app_root=/site/app, htdoc_root=/site/share/htdoc
2025-12-09 21:43:51,732 - __main__ - INFO - Trial discovery completed. Apps found: 6
2025-12-09 21:43:51,732 - __main__ - INFO - ============================================================
2025-12-09 21:43:51,732 - __main__ - INFO - Starting HTTP server on 0.0.0.0:11011
2025-12-09 21:43:51,732 - __main__ - INFO - ============================================================
2025-12-09 21:43:51,732 - server - INFO - Инициализация ControlManager
2025-12-09 21:43:51,732 - control_manager - INFO - Загрузка контроллеров из: /site/app/FAgent/project/controllers
2025-12-09 21:43:51,734 - eureka_controller - WARNING - Eureka discovery отключен (EUREKA_DISCOVERY_ENABLED=false)
2025-12-09 21:43:51,734 - control_manager - INFO -   - Загружен контроллер: eureka (EurekaController)
2025-12-09 21:43:51,734 - haproxy_controller - INFO - Инициализация HAProxy клиентов
2025-12-09 21:43:51,734 - plugins.haproxy_client - INFO - Парсинг socket_path: ipv4@192.168.1.1:7777
2025-12-09 21:43:51,734 - plugins.haproxy_client - INFO - HAProxyClient инициализирован: type=tcp4, address=('192.168.1.1', 7777), timeout=5.0s
2025-12-09 21:43:51,734 - plugins.haproxy_client - INFO - Получение информации о HAProxy
2025-12-09 21:43:56,737 - plugins.haproxy_client - ERROR - Таймаут при выполнении команды: show info
2025-12-09 21:43:56,738 - plugins.haproxy_client - ERROR - Ошибка получения информации о HAProxy: Таймаут при выполнении команды: show info
2025-12-09 21:43:56,738 - plugins.haproxy_client - WARNING - Health check failed: Таймаут при выполнении команды: show info
2025-12-09 21:43:56,738 - haproxy_controller - ERROR - HAProxy клиент 'default' не прошел health check: ipv4@192.168.1.1:7777
2025-12-09 21:43:56,738 - haproxy_controller - WARNING - Не настроено ни одного HAProxy инстанса
2025-12-09 21:43:56,738 - control_manager - INFO -   - Загружен контроллер: haproxy (HAProxyController)
2025-12-09 21:43:56,738 - control_manager - INFO - Загружено контроллеров: 2
2025-12-09 21:43:56,738 - control_manager - INFO -   - eureka
2025-12-09 21:43:56,738 - control_manager - INFO -   - haproxy
2025-12-09 21:43:56,738 - __main__ - ERROR - Port 11011 is already in use. Change SERVER_PORT in the configuration.
2025-12-09 21:47:08,889 - root - INFO - Starting Application Discovery Agent...
2025-12-09 21:47:08,889 - __main__ - INFO - Initializing discovery manager...
2025-12-09 21:47:08,889 - discovery - INFO - Loading plugins from: /site/app/FAgent/project/plugins
2025-12-09 21:47:08,917 - eureka_discoverer - INFO - Eureka discoverer отключен в конфигурации
2025-12-09 21:47:08,917 - discovery - INFO -   - Loaded discoverer: EurekaDiscoverer
2025-12-09 21:47:08,933 - docker_discoverer - INFO - Docker discoverer инициализирован
2025-12-09 21:47:08,933 - discovery - INFO -   - Loaded discoverer: DockerDiscoverer
2025-12-09 21:47:08,934 - svc_app_discoverer - INFO - SVCAppDiscoverer инициализирован. Поддерживаемые расширения: jar, war
2025-12-09 21:47:08,934 - svc_app_discoverer - WARNING - Директория дистрибутивов не существует: /site/share/htdoc
2025-12-09 21:47:08,934 - discovery - INFO -   - Loaded discoverer: SVCAppDiscoverer
2025-12-09 21:47:08,934 - __main__ - INFO - Plugins loaded: 3
2025-12-09 21:47:08,934 - __main__ - INFO -   - EurekaDiscoverer
2025-12-09 21:47:08,934 - __main__ - INFO -   - DockerDiscoverer
2025-12-09 21:47:08,934 - __main__ - INFO -   - SVCAppDiscoverer
2025-12-09 21:47:08,934 - __main__ - INFO - Выполнение пробного обнаружения...
2025-12-09 21:47:08,949 - plugins.docker_client - INFO - Получено 5 контейнеров
2025-12-09 21:47:08,959 - docker_discoverer - INFO - Docker discoverer обнаружил 5 контейнеров
2025-12-09 21:47:08,959 - svc_app_discoverer - ERROR - Требуемые директории не существуют. app_root=/site/app, htdoc_root=/site/share/htdoc
2025-12-09 21:47:08,959 - __main__ - INFO - Trial discovery completed. Apps found: 5
2025-12-09 21:47:08,959 - __main__ - INFO - ============================================================
2025-12-09 21:47:08,959 - __main__ - INFO - Starting HTTP server on 0.0.0.0:11011
2025-12-09 21:47:08,959 - __main__ - INFO - ============================================================
2025-12-09 21:47:08,959 - server - INFO - Инициализация ControlManager
2025-12-09 21:47:08,959 - control_manager - INFO - Загрузка контроллеров из: /site/app/FAgent/project/controllers
2025-12-09 21:47:08,959 - eureka_controller - WARNING - Eureka discovery отключен (EUREKA_DISCOVERY_ENABLED=false)
2025-12-09 21:47:08,959 - control_manager - INFO -   - Загружен контроллер: eureka (EurekaController)
2025-12-09 21:47:08,959 - haproxy_controller - INFO - Инициализация HAProxy клиентов
2025-12-09 21:47:08,959 - plugins.haproxy_client - INFO - Парсинг socket_path: ipv4@192.168.1.1:7777
2025-12-09 21:47:08,960 - plugins.haproxy_client - INFO - HAProxyClient инициализирован: type=tcp4, address=('192.168.1.1', 7777), timeout=5.0s
2025-12-09 21:47:08,960 - plugins.haproxy_client - INFO - Получение информации о HAProxy
2025-12-09 21:47:13,963 - plugins.haproxy_client - ERROR - Таймаут при выполнении команды: show info
2025-12-09 21:47:13,964 - plugins.haproxy_client - ERROR - Ошибка получения информации о HAProxy: Таймаут при выполнении команды: show info
2025-12-09 21:47:13,964 - plugins.haproxy_client - WARNING - Health check failed: Таймаут при выполнении команды: show info
2025-12-09 21:47:13,964 - haproxy_controller - ERROR - HAProxy клиент 'default' не прошел health check: ipv4@192.168.1.1:7777
2025-12-09 21:47:13,964 - haproxy_controller - WARNING - Не настроено ни одного HAProxy инстанса
2025-12-09 21:47:13,964 - control_manager - INFO -   - Загружен контроллер: haproxy (HAProxyController)
2025-12-09 21:47:13,964 - control_manager - INFO - Загружено контроллеров: 2
2025-12-09 21:47:13,964 - control_manager - INFO -   - eureka
2025-12-09 21:47:13,964 - control_manager - INFO -   - haproxy
2025-12-09 21:47:13,964 - server - INFO - HTTP сервер (threading) создан на 0.0.0.0:11011
2025-12-09 21:48:04,550 - plugins.docker_client - INFO - Получено 5 контейнеров
2025-12-09 21:48:04,560 - docker_discoverer - INFO - Docker discoverer обнаружил 5 контейнеров
2025-12-09 21:48:04,560 - svc_app_discoverer - ERROR - Требуемые директории не существуют. app_root=/site/app, htdoc_root=/site/share/htdoc
2025-12-09 21:48:04,572 - plugins.docker_client - INFO - Получено 5 контейнеров
2025-12-09 21:48:04,582 - docker_discoverer - INFO - Docker discoverer обнаружил 5 контейнеров
2025-12-09 21:48:04,582 - svc_app_discoverer - ERROR - Требуемые директории не существуют. app_root=/site/app, htdoc_root=/site/share/htdoc
2025-12-09 21:48:04,595 - plugins.docker_client - INFO - Получено 5 контейнеров
2025-12-09 21:48:04,604 - docker_discoverer - INFO - Docker discoverer обнаружил 5 контейнеров
2025-12-09 21:48:04,605 - svc_app_discoverer - ERROR - Требуемые директории не существуют. app_root=/site/app, htdoc_root=/site/share/htdoc
2025-12-09 21:48:04,618 - plugins.docker_client - INFO - Получено 5 контейнеров
2025-12-09 21:48:04,627 - docker_discoverer - INFO - Docker discoverer обнаружил 5 контейнеров
2025-12-09 21:48:04,627 - svc_app_discoverer - ERROR - Требуемые директории не существуют. app_root=/site/app, htdoc_root=/site/share/htdoc
2025-12-09 21:48:04,640 - plugins.docker_client - INFO - Получено 5 контейнеров
2025-12-09 21:48:04,649 - docker_discoverer - INFO - Docker discoverer обнаружил 5 контейнеров
2025-12-09 21:48:04,649 - svc_app_discoverer - ERROR - Требуемые директории не существуют. app_root=/site/app, htdoc_root=/site/share/htdoc
2025-12-09 21:48:20,944 - haproxy_controller - INFO - GET запрос: path_parts=['backends'], query_params={}
2025-12-09 21:48:20,944 - haproxy_controller - WARNING - Ошибка валидации: No HAProxy instances available
2025-12-09 21:48:20,956 - plugins.docker_client - INFO - Получено 5 контейнеров
2025-12-09 21:48:20,965 - docker_discoverer - INFO - Docker discoverer обнаружил 5 контейнеров
2025-12-09 21:48:20,965 - svc_app_discoverer - ERROR - Требуемые директории не существуют. app_root=/site/app, htdoc_root=/site/share/htdoc
2025-12-09 21:49:14,379 - __main__ - INFO - Received SIGTERM, beginning graceful shutdown...
2025-12-09 21:49:14,379 - __main__ - INFO - Stopping HTTP server...
2025-12-09 21:49:19,380 - __main__ - INFO - HTTP server stopped ✓
2025-12-09 21:49:19,380 - __main__ - INFO - The agent has been stopped successfully.
2025-12-09 21:49:21,543 - root - INFO - Starting Application Discovery Agent...
2025-12-09 21:49:21,543 - __main__ - INFO - Initializing discovery manager...
2025-12-09 21:49:21,543 - discovery - INFO - Loading plugins from: /site/app/FAgent/project/plugins
2025-12-09 21:49:21,567 - eureka_discoverer - INFO - Eureka discoverer отключен в конфигурации
2025-12-09 21:49:21,567 - discovery - INFO -   - Loaded discoverer: EurekaDiscoverer
2025-12-09 21:49:21,582 - docker_discoverer - INFO - Docker discoverer инициализирован
2025-12-09 21:49:21,582 - discovery - INFO -   - Loaded discoverer: DockerDiscoverer
2025-12-09 21:49:21,582 - svc_app_discoverer - INFO - SVCAppDiscoverer инициализирован. Поддерживаемые расширения: jar, war
2025-12-09 21:49:21,582 - svc_app_discoverer - WARNING - Директория дистрибутивов не существует: /site/share/htdoc
2025-12-09 21:49:21,582 - discovery - INFO -   - Loaded discoverer: SVCAppDiscoverer
2025-12-09 21:49:21,582 - __main__ - INFO - Plugins loaded: 3
2025-12-09 21:49:21,582 - __main__ - INFO -   - EurekaDiscoverer
2025-12-09 21:49:21,582 - __main__ - INFO -   - DockerDiscoverer
2025-12-09 21:49:21,582 - __main__ - INFO -   - SVCAppDiscoverer
2025-12-09 21:49:21,582 - __main__ - INFO - Выполнение пробного обнаружения...
2025-12-09 21:49:21,596 - plugins.docker_client - INFO - Получено 5 контейнеров
2025-12-09 21:49:21,596 - docker_discoverer - INFO - Docker discoverer обнаружил 5 контейнеров
2025-12-09 21:49:21,596 - svc_app_discoverer - ERROR - Требуемые директории не существуют. app_root=/site/app, htdoc_root=/site/share/htdoc
2025-12-09 21:49:21,596 - __main__ - INFO - Trial discovery completed. Apps found: 5
2025-12-09 21:49:21,596 - __main__ - INFO - ============================================================
2025-12-09 21:49:21,596 - __main__ - INFO - Starting HTTP server on 0.0.0.0:11011
2025-12-09 21:49:21,596 - __main__ - INFO - ============================================================
2025-12-09 21:49:21,596 - server - INFO - Инициализация ControlManager
2025-12-09 21:49:21,596 - control_manager - INFO - Загрузка контроллеров из: /site/app/FAgent/project/controllers
2025-12-09 21:49:21,597 - eureka_controller - WARNING - Eureka discovery отключен (EUREKA_DISCOVERY_ENABLED=false)
2025-12-09 21:49:21,597 - control_manager - INFO -   - Загружен контроллер: eureka (EurekaController)
2025-12-09 21:49:21,597 - haproxy_controller - INFO - Инициализация HAProxy клиентов
2025-12-09 21:49:21,597 - plugins.haproxy_client - INFO - Парсинг socket_path: ipv4@192.168.1.1:7777
2025-12-09 21:49:21,597 - plugins.haproxy_client - INFO - HAProxyClient инициализирован: type=tcp4, address=('192.168.1.1', 7777), timeout=5.0s
2025-12-09 21:49:21,597 - plugins.haproxy_client - INFO - Получение информации о HAProxy
2025-12-09 21:49:26,602 - plugins.haproxy_client - ERROR - Таймаут при выполнении команды: show info
2025-12-09 21:49:26,602 - plugins.haproxy_client - ERROR - Ошибка получения информации о HAProxy: Таймаут при выполнении команды: show info
2025-12-09 21:49:26,602 - plugins.haproxy_client - WARNING - Health check failed: Таймаут при выполнении команды: show info
2025-12-09 21:49:26,602 - haproxy_controller - ERROR - HAProxy клиент 'default' не прошел health check: ipv4@192.168.1.1:7777
2025-12-09 21:49:26,602 - haproxy_controller - WARNING - Не настроено ни одного HAProxy инстанса
2025-12-09 21:49:26,602 - control_manager - INFO -   - Загружен контроллер: haproxy (HAProxyController)
2025-12-09 21:49:26,602 - control_manager - INFO - Загружено контроллеров: 2
2025-12-09 21:49:26,602 - control_manager - INFO -   - eureka
2025-12-09 21:49:26,602 - control_manager - INFO -   - haproxy
2025-12-09 21:49:26,602 - server - INFO - HTTP сервер (threading) создан на 0.0.0.0:11011
2025-12-09 21:49:34,431 - plugins.docker_client - INFO - Получено 5 контейнеров
2025-12-09 21:49:34,432 - docker_discoverer - INFO - Docker discoverer обнаружил 5 контейнеров
2025-12-09 21:49:34,432 - svc_app_discoverer - ERROR - Требуемые директории не существуют. app_root=/site/app, htdoc_root=/site/share/htdoc
2025-12-09 21:49:42,587 - plugins.docker_client - INFO - Получено 5 контейнеров
2025-12-09 21:49:42,587 - docker_discoverer - INFO - Docker discoverer обнаружил 5 контейнеров
2025-12-09 21:49:42,588 - svc_app_discoverer - ERROR - Требуемые директории не существуют. app_root=/site/app, htdoc_root=/site/share/htdoc
2025-12-09 21:50:50,524 - __main__ - INFO - Received SIGTERM, beginning graceful shutdown...
2025-12-09 21:50:50,524 - __main__ - INFO - Stopping HTTP server...
2025-12-09 21:50:55,524 - __main__ - INFO - HTTP server stopped ✓
2025-12-09 21:50:55,524 - __main__ - INFO - The agent has been stopped successfully.
2025-12-09 21:50:57,687 - root - INFO - Starting Application Discovery Agent...
2025-12-09 21:50:57,687 - __main__ - INFO - Initializing discovery manager...
2025-12-09 21:50:57,687 - discovery - INFO - Loading plugins from: /site/app/FAgent/project/plugins
2025-12-09 21:50:57,714 - eureka_discoverer - INFO - Eureka discoverer отключен в конфигурации
2025-12-09 21:50:57,714 - discovery - INFO -   - Loaded discoverer: EurekaDiscoverer
2025-12-09 21:50:57,728 - docker_discoverer - INFO - Docker discoverer инициализирован
2025-12-09 21:50:57,728 - discovery - INFO -   - Loaded discoverer: DockerDiscoverer
2025-12-09 21:50:57,728 - svc_app_discoverer - INFO - SVCAppDiscoverer инициализирован. Поддерживаемые расширения: jar, war
2025-12-09 21:50:57,728 - svc_app_discoverer - WARNING - Директория дистрибутивов не существует: /site/share/htdoc
2025-12-09 21:50:57,728 - discovery - INFO -   - Loaded discoverer: SVCAppDiscoverer
2025-12-09 21:50:57,728 - __main__ - INFO - Plugins loaded: 3
2025-12-09 21:50:57,728 - __main__ - INFO -   - EurekaDiscoverer
2025-12-09 21:50:57,728 - __main__ - INFO -   - DockerDiscoverer
2025-12-09 21:50:57,728 - __main__ - INFO -   - SVCAppDiscoverer
2025-12-09 21:50:57,728 - __main__ - INFO - Выполнение пробного обнаружения...
2025-12-09 21:50:57,742 - plugins.docker_client - INFO - Получено 5 контейнеров
2025-12-09 21:50:57,742 - docker_discoverer - INFO - Docker discoverer обнаружил 5 контейнеров
2025-12-09 21:50:57,742 - svc_app_discoverer - ERROR - Требуемые директории не существуют. app_root=/site/app, htdoc_root=/site/share/htdoc
2025-12-09 21:50:57,742 - __main__ - INFO - Trial discovery completed. Apps found: 5
2025-12-09 21:50:57,742 - __main__ - INFO - ============================================================
2025-12-09 21:50:57,742 - __main__ - INFO - Starting HTTP server on 0.0.0.0:11011
2025-12-09 21:50:57,742 - __main__ - INFO - ============================================================
2025-12-09 21:50:57,742 - server - INFO - Инициализация ControlManager
2025-12-09 21:50:57,743 - control_manager - INFO - Загрузка контроллеров из: /site/app/FAgent/project/controllers
2025-12-09 21:50:57,743 - eureka_controller - WARNING - Eureka discovery отключен (EUREKA_DISCOVERY_ENABLED=false)
2025-12-09 21:50:57,743 - control_manager - INFO -   - Загружен контроллер: eureka (EurekaController)
2025-12-09 21:50:57,743 - haproxy_controller - INFO - Инициализация HAProxy клиентов
2025-12-09 21:50:57,743 - plugins.haproxy_client - INFO - Парсинг socket_path: ipv4@192.168.1.1:7777
2025-12-09 21:50:57,743 - plugins.haproxy_client - INFO - HAProxyClient инициализирован: type=tcp4, address=('192.168.1.1', 7777), timeout=5.0s
2025-12-09 21:50:57,743 - plugins.haproxy_client - INFO - Получение информации о HAProxy
2025-12-09 21:51:02,749 - plugins.haproxy_client - ERROR - Таймаут при выполнении команды: show info
2025-12-09 21:51:02,749 - plugins.haproxy_client - ERROR - Ошибка получения информации о HAProxy: Таймаут при выполнении команды: show info
2025-12-09 21:51:02,749 - plugins.haproxy_client - WARNING - Health check failed: Таймаут при выполнении команды: show info
2025-12-09 21:51:02,749 - haproxy_controller - ERROR - HAProxy клиент 'default' не прошел health check: ipv4@192.168.1.1:7777
2025-12-09 21:51:02,749 - haproxy_controller - WARNING - Не настроено ни одного HAProxy инстанса
2025-12-09 21:51:02,749 - control_manager - INFO -   - Загружен контроллер: haproxy (HAProxyController)
2025-12-09 21:51:02,749 - control_manager - INFO - Загружено контроллеров: 2
2025-12-09 21:51:02,749 - control_manager - INFO -   - eureka
2025-12-09 21:51:02,749 - control_manager - INFO -   - haproxy
2025-12-09 21:51:02,749 - server - INFO - HTTP сервер (threading) создан на 0.0.0.0:11011
2025-12-09 21:51:07,480 - plugins.docker_client - INFO - Получено 5 контейнеров
2025-12-09 21:51:07,481 - docker_discoverer - INFO - Docker discoverer обнаружил 5 контейнеров
2025-12-09 21:51:07,481 - svc_app_discoverer - ERROR - Требуемые директории не существуют. app_root=/site/app, htdoc_root=/site/share/htdoc
2025-12-09 21:51:29,776 - plugins.docker_client - INFO - Получено 5 контейнеров
2025-12-09 21:51:29,776 - docker_discoverer - INFO - Docker discoverer обнаружил 5 контейнеров
2025-12-09 21:51:29,776 - svc_app_discoverer - ERROR - Требуемые директории не существуют. app_root=/site/app, htdoc_root=/site/share/htdoc
2025-12-09 21:51:29,870 - plugins.docker_client - INFO - Получено 5 контейнеров
2025-12-09 21:51:29,870 - docker_discoverer - INFO - Docker discoverer обнаружил 5 контейнеров
2025-12-09 21:51:29,870 - svc_app_discoverer - ERROR - Требуемые директории не существуют. app_root=/site/app, htdoc_root=/site/share/htdoc
2025-12-09 21:51:37,143 - plugins.docker_client - INFO - Получено 5 контейнеров
2025-12-09 21:51:37,143 - docker_discoverer - INFO - Docker discoverer обнаружил 5 контейнеров
2025-12-09 21:51:37,143 - svc_app_discoverer - ERROR - Требуемые директории не существуют. app_root=/site/app, htdoc_root=/site/share/htdoc
2025-12-09 21:51:50,897 - plugins.docker_client - INFO - Получено 5 контейнеров
2025-12-09 21:51:50,897 - docker_discoverer - INFO - Docker discoverer обнаружил 5 контейнеров
2025-12-09 21:51:50,897 - svc_app_discoverer - ERROR - Требуемые директории не существуют. app_root=/site/app, htdoc_root=/site/share/htdoc
2025-12-09 21:51:50,915 - plugins.docker_client - INFO - Получено 5 контейнеров
2025-12-09 21:51:50,916 - docker_discoverer - INFO - Docker discoverer обнаружил 5 контейнеров
2025-12-09 21:51:50,916 - svc_app_discoverer - ERROR - Требуемые директории не существуют. app_root=/site/app, htdoc_root=/site/share/htdoc
2025-12-09 21:51:50,934 - plugins.docker_client - INFO - Получено 5 контейнеров
2025-12-09 21:51:50,934 - docker_discoverer - INFO - Docker discoverer обнаружил 5 контейнеров
2025-12-09 21:51:50,934 - svc_app_discoverer - ERROR - Требуемые директории не существуют. app_root=/site/app, htdoc_root=/site/share/htdoc
2025-12-09 21:52:12,240 - plugins.docker_client - INFO - Получено 5 контейнеров
2025-12-09 21:52:12,240 - docker_discoverer - INFO - Docker discoverer обнаружил 5 контейнеров
2025-12-09 21:52:12,240 - svc_app_discoverer - ERROR - Требуемые директории не существуют. app_root=/site/app, htdoc_root=/site/share/htdoc
2025-12-09 21:52:12,257 - plugins.docker_client - INFO - Получено 5 контейнеров
2025-12-09 21:52:12,257 - docker_discoverer - INFO - Docker discoverer обнаружил 5 контейнеров
2025-12-09 21:52:12,257 - svc_app_discoverer - ERROR - Требуемые директории не существуют. app_root=/site/app, htdoc_root=/site/share/htdoc
2025-12-09 21:52:12,273 - plugins.docker_client - INFO - Получено 5 контейнеров
2025-12-09 21:52:12,273 - docker_discoverer - INFO - Docker discoverer обнаружил 5 контейнеров
2025-12-09 21:52:12,273 - svc_app_discoverer - ERROR - Требуемые директории не существуют. app_root=/site/app, htdoc_root=/site/share/htdoc
2025-12-09 21:52:12,290 - plugins.docker_client - INFO - Получено 5 контейнеров
2025-12-09 21:52:12,290 - docker_discoverer - INFO - Docker discoverer обнаружил 5 контейнеров
2025-12-09 21:52:12,290 - svc_app_discoverer - ERROR - Требуемые директории не существуют. app_root=/site/app, htdoc_root=/site/share/htdoc
2025-12-09 21:52:12,309 - plugins.docker_client - INFO - Получено 5 контейнеров
2025-12-09 21:52:12,309 - docker_discoverer - INFO - Docker discoverer обнаружил 5 контейнеров
2025-12-09 21:52:12,309 - svc_app_discoverer - ERROR - Требуемые директории не существуют. app_root=/site/app, htdoc_root=/site/share/htdoc
2025-12-09 21:52:12,326 - plugins.docker_client - INFO - Получено 5 контейнеров
2025-12-09 21:52:12,326 - docker_discoverer - INFO - Docker discoverer обнаружил 5 контейнеров
2025-12-09 21:52:12,326 - svc_app_discoverer - ERROR - Требуемые директории не существуют. app_root=/site/app, htdoc_root=/site/share/htdoc
2025-12-09 21:52:12,343 - plugins.docker_client - INFO - Получено 5 контейнеров
2025-12-09 21:52:12,343 - docker_discoverer - INFO - Docker discoverer обнаружил 5 контейнеров
2025-12-09 21:52:12,344 - svc_app_discoverer - ERROR - Требуемые директории не существуют. app_root=/site/app, htdoc_root=/site/share/htdoc
2025-12-09 21:52:12,360 - plugins.docker_client - INFO - Получено 5 контейнеров
2025-12-09 21:52:12,360 - docker_discoverer - INFO - Docker discoverer обнаружил 5 контейнеров
2025-12-09 21:52:12,361 - svc_app_discoverer - ERROR - Требуемые директории не существуют. app_root=/site/app, htdoc_root=/site/share/htdoc
2025-12-09 21:52:12,377 - plugins.docker_client - INFO - Получено 5 контейнеров
2025-12-09 21:52:12,377 - docker_discoverer - INFO - Docker discoverer обнаружил 5 контейнеров
2025-12-09 21:52:12,377 - svc_app_discoverer - ERROR - Требуемые директории не существуют. app_root=/site/app, htdoc_root=/site/share/htdoc
2025-12-09 21:52:12,393 - plugins.docker_client - INFO - Получено 5 контейнеров
2025-12-09 21:52:12,393 - docker_discoverer - INFO - Docker discoverer обнаружил 5 контейнеров
2025-12-09 21:52:12,393 - svc_app_discoverer - ERROR - Требуемые директории не существуют. app_root=/site/app, htdoc_root=/site/share/htdoc
2025-12-09 21:52:12,409 - plugins.docker_client - INFO - Получено 5 контейнеров
2025-12-09 21:52:12,409 - docker_discoverer - INFO - Docker discoverer обнаружил 5 контейнеров
2025-12-09 21:52:12,409 - svc_app_discoverer - ERROR - Требуемые директории не существуют. app_root=/site/app, htdoc_root=/site/share/htdoc
2025-12-09 21:52:12,425 - plugins.docker_client - INFO - Получено 5 контейнеров
2025-12-09 21:52:12,425 - docker_discoverer - INFO - Docker discoverer обнаружил 5 контейнеров
2025-12-09 21:52:12,426 - svc_app_discoverer - ERROR - Требуемые директории не существуют. app_root=/site/app, htdoc_root=/site/share/htdoc
2025-12-09 21:52:12,443 - plugins.docker_client - INFO - Получено 5 контейнеров
2025-12-09 21:52:12,443 - docker_discoverer - INFO - Docker discoverer обнаружил 5 контейнеров
2025-12-09 21:52:12,443 - svc_app_discoverer - ERROR - Требуемые директории не существуют. app_root=/site/app, htdoc_root=/site/share/htdoc
2025-12-09 21:52:12,460 - plugins.docker_client - INFO - Получено 5 контейнеров
2025-12-09 21:52:12,461 - docker_discoverer - INFO - Docker discoverer обнаружил 5 контейнеров
2025-12-09 21:52:12,461 - svc_app_discoverer - ERROR - Требуемые директории не существуют. app_root=/site/app, htdoc_root=/site/share/htdoc
2025-12-09 21:52:12,479 - plugins.docker_client - INFO - Получено 5 контейнеров
2025-12-09 21:52:12,479 - docker_discoverer - INFO - Docker discoverer обнаружил 5 контейнеров
2025-12-09 21:52:12,479 - svc_app_discoverer - ERROR - Требуемые директории не существуют. app_root=/site/app, htdoc_root=/site/share/htdoc
2025-12-09 21:52:12,495 - plugins.docker_client - INFO - Получено 5 контейнеров
2025-12-09 21:52:12,496 - docker_discoverer - INFO - Docker discoverer обнаружил 5 контейнеров
2025-12-09 21:52:12,496 - svc_app_discoverer - ERROR - Требуемые директории не существуют. app_root=/site/app, htdoc_root=/site/share/htdoc
2025-12-09 21:52:12,513 - plugins.docker_client - INFO - Получено 5 контейнеров
2025-12-09 21:52:12,513 - docker_discoverer - INFO - Docker discoverer обнаружил 5 контейнеров
2025-12-09 21:52:12,513 - svc_app_discoverer - ERROR - Требуемые директории не существуют. app_root=/site/app, htdoc_root=/site/share/htdoc
2025-12-09 21:52:12,531 - plugins.docker_client - INFO - Получено 5 контейнеров
2025-12-09 21:52:12,531 - docker_discoverer - INFO - Docker discoverer обнаружил 5 контейнеров
2025-12-09 21:52:12,531 - svc_app_discoverer - ERROR - Требуемые директории не существуют. app_root=/site/app, htdoc_root=/site/share/htdoc
2025-12-09 21:52:12,547 - plugins.docker_client - INFO - Получено 5 контейнеров
2025-12-09 21:52:12,547 - docker_discoverer - INFO - Docker discoverer обнаружил 5 контейнеров
2025-12-09 21:52:12,547 - svc_app_discoverer - ERROR - Требуемые директории не существуют. app_root=/site/app, htdoc_root=/site/share/htdoc
2025-12-09 21:52:12,563 - plugins.docker_client - INFO - Получено 5 контейнеров
2025-12-09 21:52:12,563 - docker_discoverer - INFO - Docker discoverer обнаружил 5 контейнеров
2025-12-09 21:52:12,564 - svc_app_discoverer - ERROR - Требуемые директории не существуют. app_root=/site/app, htdoc_root=/site/share/htdoc
2025-12-09 21:52:12,581 - plugins.docker_client - INFO - Получено 5 контейнеров
2025-12-09 21:52:12,581 - docker_discoverer - INFO - Docker discoverer обнаружил 5 контейнеров
2025-12-09 21:52:12,581 - svc_app_discoverer - ERROR - Требуемые директории не существуют. app_root=/site/app, htdoc_root=/site/share/htdoc
2025-12-09 21:52:12,598 - plugins.docker_client - INFO - Получено 5 контейнеров
2025-12-09 21:52:12,598 - docker_discoverer - INFO - Docker discoverer обнаружил 5 контейнеров
2025-12-09 21:52:12,599 - svc_app_discoverer - ERROR - Требуемые директории не существуют. app_root=/site/app, htdoc_root=/site/share/htdoc
2025-12-09 21:52:12,615 - plugins.docker_client - INFO - Получено 5 контейнеров
2025-12-09 21:52:12,616 - docker_discoverer - INFO - Docker discoverer обнаружил 5 контейнеров
2025-12-09 21:52:12,616 - svc_app_discoverer - ERROR - Требуемые директории не существуют. app_root=/site/app, htdoc_root=/site/share/htdoc
2025-12-09 21:52:12,631 - plugins.docker_client - INFO - Получено 5 контейнеров
2025-12-09 21:52:12,631 - docker_discoverer - INFO - Docker discoverer обнаружил 5 контейнеров
2025-12-09 21:52:12,631 - svc_app_discoverer - ERROR - Требуемые директории не существуют. app_root=/site/app, htdoc_root=/site/share/htdoc
2025-12-09 21:52:12,648 - plugins.docker_client - INFO - Получено 5 контейнеров
2025-12-09 21:52:12,648 - docker_discoverer - INFO - Docker discoverer обнаружил 5 контейнеров
2025-12-09 21:52:12,648 - svc_app_discoverer - ERROR - Требуемые директории не существуют. app_root=/site/app, htdoc_root=/site/share/htdoc
2025-12-09 21:52:12,664 - plugins.docker_client - INFO - Получено 5 контейнеров
2025-12-09 21:52:12,664 - docker_discoverer - INFO - Docker discoverer обнаружил 5 контейнеров
2025-12-09 21:52:12,664 - svc_app_discoverer - ERROR - Требуемые директории не существуют. app_root=/site/app, htdoc_root=/site/share/htdoc
2025-12-09 21:52:12,681 - plugins.docker_client - INFO - Получено 5 контейнеров
2025-12-09 21:52:12,681 - docker_discoverer - INFO - Docker discoverer обнаружил 5 контейнеров
2025-12-09 21:52:12,681 - svc_app_discoverer - ERROR - Требуемые директории не существуют. app_root=/site/app, htdoc_root=/site/share/htdoc
2025-12-09 21:52:12,698 - plugins.docker_client - INFO - Получено 5 контейнеров
2025-12-09 21:52:12,698 - docker_discoverer - INFO - Docker discoverer обнаружил 5 контейнеров
2025-12-09 21:52:12,698 - svc_app_discoverer - ERROR - Требуемые директории не существуют. app_root=/site/app, htdoc_root=/site/share/htdoc
2025-12-09 21:52:12,715 - plugins.docker_client - INFO - Получено 5 контейнеров
2025-12-09 21:52:12,715 - docker_discoverer - INFO - Docker discoverer обнаружил 5 контейнеров
2025-12-09 21:52:12,715 - svc_app_discoverer - ERROR - Требуемые директории не существуют. app_root=/site/app, htdoc_root=/site/share/htdoc
2025-12-09 21:52:12,733 - plugins.docker_client - INFO - Получено 5 контейнеров
2025-12-09 21:52:12,733 - docker_discoverer - INFO - Docker discoverer обнаружил 5 контейнеров
2025-12-09 21:52:12,733 - svc_app_discoverer - ERROR - Требуемые директории не существуют. app_root=/site/app, htdoc_root=/site/share/htdoc
2025-12-09 21:52:12,750 - plugins.docker_client - INFO - Получено 5 контейнеров
2025-12-09 21:52:12,750 - docker_discoverer - INFO - Docker discoverer обнаружил 5 контейнеров
2025-12-09 21:52:12,750 - svc_app_discoverer - ERROR - Требуемые директории не существуют. app_root=/site/app, htdoc_root=/site/share/htdoc
2025-12-09 21:52:12,765 - plugins.docker_client - INFO - Получено 5 контейнеров
2025-12-09 21:52:12,766 - docker_discoverer - INFO - Docker discoverer обнаружил 5 контейнеров
2025-12-09 21:52:12,766 - svc_app_discoverer - ERROR - Требуемые директории не существуют. app_root=/site/app, htdoc_root=/site/share/htdoc
2025-12-09 21:52:12,781 - plugins.docker_client - INFO - Получено 5 контейнеров
2025-12-09 21:52:12,781 - docker_discoverer - INFO - Docker discoverer обнаружил 5 контейнеров
2025-12-09 21:52:12,782 - svc_app_discoverer - ERROR - Требуемые директории не существуют. app_root=/site/app, htdoc_root=/site/share/htdoc
2025-12-09 21:52:12,797 - plugins.docker_client - INFO - Получено 5 контейнеров
2025-12-09 21:52:12,797 - docker_discoverer - INFO - Docker discoverer обнаружил 5 контейнеров
2025-12-09 21:52:12,798 - svc_app_discoverer - ERROR - Требуемые директории не существуют. app_root=/site/app, htdoc_root=/site/share/htdoc
2025-12-09 21:52:12,814 - plugins.docker_client - INFO - Получено 5 контейнеров
2025-12-09 21:52:12,814 - docker_discoverer - INFO - Docker discoverer обнаружил 5 контейнеров
2025-12-09 21:52:12,814 - svc_app_discoverer - ERROR - Требуемые директории не существуют. app_root=/site/app, htdoc_root=/site/share/htdoc
2025-12-09 21:52:12,831 - plugins.docker_client - INFO - Получено 5 контейнеров
2025-12-09 21:52:12,831 - docker_discoverer - INFO - Docker discoverer обнаружил 5 контейнеров
2025-12-09 21:52:12,831 - svc_app_discoverer - ERROR - Требуемые директории не существуют. app_root=/site/app, htdoc_root=/site/share/htdoc
2025-12-09 21:52:12,847 - plugins.docker_client - INFO - Получено 5 контейнеров
2025-12-09 21:52:12,848 - docker_discoverer - INFO - Docker discoverer обнаружил 5 контейнеров
2025-12-09 21:52:12,848 - svc_app_discoverer - ERROR - Требуемые директории не существуют. app_root=/site/app, htdoc_root=/site/share/htdoc
2025-12-09 21:52:12,866 - plugins.docker_client - INFO - Получено 5 контейнеров
2025-12-09 21:52:12,866 - docker_discoverer - INFO - Docker discoverer обнаружил 5 контейнеров
2025-12-09 21:52:12,866 - svc_app_discoverer - ERROR - Требуемые директории не существуют. app_root=/site/app, htdoc_root=/site/share/htdoc
2025-12-09 21:52:12,882 - plugins.docker_client - INFO - Получено 5 контейнеров
2025-12-09 21:52:12,882 - docker_discoverer - INFO - Docker discoverer обнаружил 5 контейнеров
2025-12-09 21:52:12,882 - svc_app_discoverer - ERROR - Требуемые директории не существуют. app_root=/site/app, htdoc_root=/site/share/htdoc
2025-12-09 21:52:12,900 - plugins.docker_client - INFO - Получено 5 контейнеров
2025-12-09 21:52:12,900 - docker_discoverer - INFO - Docker discoverer обнаружил 5 контейнеров
2025-12-09 21:52:12,900 - svc_app_discoverer - ERROR - Требуемые директории не существуют. app_root=/site/app, htdoc_root=/site/share/htdoc
2025-12-09 21:52:12,916 - plugins.docker_client - INFO - Получено 5 контейнеров
2025-12-09 21:52:12,917 - docker_discoverer - INFO - Docker discoverer обнаружил 5 контейнеров
2025-12-09 21:52:12,917 - svc_app_discoverer - ERROR - Требуемые директории не существуют. app_root=/site/app, htdoc_root=/site/share/htdoc
2025-12-09 21:52:12,932 - plugins.docker_client - INFO - Получено 5 контейнеров
2025-12-09 21:52:12,933 - docker_discoverer - INFO - Docker discoverer обнаружил 5 контейнеров
2025-12-09 21:52:12,933 - svc_app_discoverer - ERROR - Требуемые директории не существуют. app_root=/site/app, htdoc_root=/site/share/htdoc
2025-12-09 21:52:12,949 - plugins.docker_client - INFO - Получено 5 контейнеров
2025-12-09 21:52:12,949 - docker_discoverer - INFO - Docker discoverer обнаружил 5 контейнеров
2025-12-09 21:52:12,949 - svc_app_discoverer - ERROR - Требуемые директории не существуют. app_root=/site/app, htdoc_root=/site/share/htdoc
2025-12-09 21:52:12,965 - plugins.docker_client - INFO - Получено 5 контейнеров
2025-12-09 21:52:12,965 - docker_discoverer - INFO - Docker discoverer обнаружил 5 контейнеров
2025-12-09 21:52:12,965 - svc_app_discoverer - ERROR - Требуемые директории не существуют. app_root=/site/app, htdoc_root=/site/share/htdoc
2025-12-09 21:52:12,981 - plugins.docker_client - INFO - Получено 5 контейнеров
2025-12-09 21:52:12,981 - docker_discoverer - INFO - Docker discoverer обнаружил 5 контейнеров
2025-12-09 21:52:12,981 - svc_app_discoverer - ERROR - Требуемые директории не существуют. app_root=/site/app, htdoc_root=/site/share/htdoc
2025-12-09 21:52:12,998 - plugins.docker_client - INFO - Получено 5 контейнеров
2025-12-09 21:52:12,998 - docker_discoverer - INFO - Docker discoverer обнаружил 5 контейнеров
2025-12-09 21:52:12,998 - svc_app_discoverer - ERROR - Требуемые директории не существуют. app_root=/site/app, htdoc_root=/site/share/htdoc
2025-12-09 21:52:13,015 - plugins.docker_client - INFO - Получено 5 контейнеров
2025-12-09 21:52:13,015 - docker_discoverer - INFO - Docker discoverer обнаружил 5 контейнеров
2025-12-09 21:52:13,015 - svc_app_discoverer - ERROR - Требуемые директории не существуют. app_root=/site/app, htdoc_root=/site/share/htdoc
2025-12-09 21:52:13,031 - plugins.docker_client - INFO - Получено 5 контейнеров
2025-12-09 21:52:13,032 - docker_discoverer - INFO - Docker discoverer обнаружил 5 контейнеров
2025-12-09 21:52:13,032 - svc_app_discoverer - ERROR - Требуемые директории не существуют. app_root=/site/app, htdoc_root=/site/share/htdoc
2025-12-09 21:52:13,048 - plugins.docker_client - INFO - Получено 5 контейнеров
2025-12-09 21:52:13,048 - docker_discoverer - INFO - Docker discoverer обнаружил 5 контейнеров
2025-12-09 21:52:13,048 - svc_app_discoverer - ERROR - Требуемые директории не существуют. app_root=/site/app, htdoc_root=/site/share/htdoc
2025-12-09 21:52:13,065 - plugins.docker_client - INFO - Получено 5 контейнеров
2025-12-09 21:52:13,065 - docker_discoverer - INFO - Docker discoverer обнаружил 5 контейнеров
2025-12-09 21:52:13,065 - svc_app_discoverer - ERROR - Требуемые директории не существуют. app_root=/site/app, htdoc_root=/site/share/htdoc
2025-12-09 21:52:13,081 - plugins.docker_client - INFO - Получено 5 контейнеров
2025-12-09 21:52:13,081 - docker_discoverer - INFO - Docker discoverer обнаружил 5 контейнеров
2025-12-09 21:52:13,081 - svc_app_discoverer - ERROR - Требуемые директории не существуют. app_root=/site/app, htdoc_root=/site/share/htdoc
2025-12-09 21:52:13,098 - plugins.docker_client - INFO - Получено 5 контейнеров
2025-12-09 21:52:13,098 - docker_discoverer - INFO - Docker discoverer обнаружил 5 контейнеров
2025-12-09 21:52:13,098 - svc_app_discoverer - ERROR - Требуемые директории не существуют. app_root=/site/app, htdoc_root=/site/share/htdoc
2025-12-09 21:52:13,114 - plugins.docker_client - INFO - Получено 5 контейнеров
2025-12-09 21:52:13,114 - docker_discoverer - INFO - Docker discoverer обнаружил 5 контейнеров
2025-12-09 21:52:13,114 - svc_app_discoverer - ERROR - Требуемые директории не существуют. app_root=/site/app, htdoc_root=/site/share/htdoc
2025-12-09 21:52:13,132 - plugins.docker_client - INFO - Получено 5 контейнеров
2025-12-09 21:52:13,132 - docker_discoverer - INFO - Docker discoverer обнаружил 5 контейнеров
2025-12-09 21:52:13,132 - svc_app_discoverer - ERROR - Требуемые директории не существуют. app_root=/site/app, htdoc_root=/site/share/htdoc
2025-12-09 21:52:13,149 - plugins.docker_client - INFO - Получено 5 контейнеров
2025-12-09 21:52:13,149 - docker_discoverer - INFO - Docker discoverer обнаружил 5 контейнеров
2025-12-09 21:52:13,150 - svc_app_discoverer - ERROR - Требуемые директории не существуют. app_root=/site/app, htdoc_root=/site/share/htdoc
2025-12-09 21:52:13,166 - plugins.docker_client - INFO - Получено 5 контейнеров
2025-12-09 21:52:13,166 - docker_discoverer - INFO - Docker discoverer обнаружил 5 контейнеров
2025-12-09 21:52:13,166 - svc_app_discoverer - ERROR - Требуемые директории не существуют. app_root=/site/app, htdoc_root=/site/share/htdoc
2025-12-09 21:52:13,182 - plugins.docker_client - INFO - Получено 5 контейнеров
2025-12-09 21:52:13,183 - docker_discoverer - INFO - Docker discoverer обнаружил 5 контейнеров
2025-12-09 21:52:13,183 - svc_app_discoverer - ERROR - Требуемые директории не существуют. app_root=/site/app, htdoc_root=/site/share/htdoc
2025-12-09 21:52:13,200 - plugins.docker_client - INFO - Получено 5 контейнеров
2025-12-09 21:52:13,200 - docker_discoverer - INFO - Docker discoverer обнаружил 5 контейнеров
2025-12-09 21:52:13,200 - svc_app_discoverer - ERROR - Требуемые директории не существуют. app_root=/site/app, htdoc_root=/site/share/htdoc
2025-12-09 21:52:13,216 - plugins.docker_client - INFO - Получено 5 контейнеров
2025-12-09 21:52:13,216 - docker_discoverer - INFO - Docker discoverer обнаружил 5 контейнеров
2025-12-09 21:52:13,217 - svc_app_discoverer - ERROR - Требуемые директории не существуют. app_root=/site/app, htdoc_root=/site/share/htdoc
2025-12-09 21:52:13,233 - plugins.docker_client - INFO - Получено 5 контейнеров
2025-12-09 21:52:13,233 - docker_discoverer - INFO - Docker discoverer обнаружил 5 контейнеров
2025-12-09 21:52:13,233 - svc_app_discoverer - ERROR - Требуемые директории не существуют. app_root=/site/app, htdoc_root=/site/share/htdoc
2025-12-09 21:52:13,250 - plugins.docker_client - INFO - Получено 5 контейнеров
2025-12-09 21:52:13,250 - docker_discoverer - INFO - Docker discoverer обнаружил 5 контейнеров
2025-12-09 21:52:13,250 - svc_app_discoverer - ERROR - Требуемые директории не существуют. app_root=/site/app, htdoc_root=/site/share/htdoc
2025-12-09 21:52:13,267 - plugins.docker_client - INFO - Получено 5 контейнеров
2025-12-09 21:52:13,267 - docker_discoverer - INFO - Docker discoverer обнаружил 5 контейнеров
2025-12-09 21:52:13,267 - svc_app_discoverer - ERROR - Требуемые директории не существуют. app_root=/site/app, htdoc_root=/site/share/htdoc
2025-12-09 21:52:13,283 - plugins.docker_client - INFO - Получено 5 контейнеров
2025-12-09 21:52:13,284 - docker_discoverer - INFO - Docker discoverer обнаружил 5 контейнеров
2025-12-09 21:52:13,284 - svc_app_discoverer - ERROR - Требуемые директории не существуют. app_root=/site/app, htdoc_root=/site/share/htdoc
2025-12-09 21:52:13,300 - plugins.docker_client - INFO - Получено 5 контейнеров
2025-12-09 21:52:13,300 - docker_discoverer - INFO - Docker discoverer обнаружил 5 контейнеров
2025-12-09 21:52:13,300 - svc_app_discoverer - ERROR - Требуемые директории не существуют. app_root=/site/app, htdoc_root=/site/share/htdoc
2025-12-09 21:52:13,316 - plugins.docker_client - INFO - Получено 5 контейнеров
2025-12-09 21:52:13,317 - docker_discoverer - INFO - Docker discoverer обнаружил 5 контейнеров
2025-12-09 21:52:13,317 - svc_app_discoverer - ERROR - Требуемые директории не существуют. app_root=/site/app, htdoc_root=/site/share/htdoc
2025-12-09 21:52:13,334 - plugins.docker_client - INFO - Получено 5 контейнеров
2025-12-09 21:52:13,334 - docker_discoverer - INFO - Docker discoverer обнаружил 5 контейнеров
2025-12-09 21:52:13,334 - svc_app_discoverer - ERROR - Требуемые директории не существуют. app_root=/site/app, htdoc_root=/site/share/htdoc
2025-12-09 21:52:13,351 - plugins.docker_client - INFO - Получено 5 контейнеров
2025-12-09 21:52:13,351 - docker_discoverer - INFO - Docker discoverer обнаружил 5 контейнеров
2025-12-09 21:52:13,351 - svc_app_discoverer - ERROR - Требуемые директории не существуют. app_root=/site/app, htdoc_root=/site/share/htdoc
2025-12-09 21:52:13,368 - plugins.docker_client - INFO - Получено 5 контейнеров
2025-12-09 21:52:13,368 - docker_discoverer - INFO - Docker discoverer обнаружил 5 контейнеров
2025-12-09 21:52:13,368 - svc_app_discoverer - ERROR - Требуемые директории не существуют. app_root=/site/app, htdoc_root=/site/share/htdoc
2025-12-09 21:52:13,385 - plugins.docker_client - INFO - Получено 5 контейнеров
2025-12-09 21:52:13,385 - docker_discoverer - INFO - Docker discoverer обнаружил 5 контейнеров
2025-12-09 21:52:13,385 - svc_app_discoverer - ERROR - Требуемые директории не существуют. app_root=/site/app, htdoc_root=/site/share/htdoc
2025-12-09 21:52:13,403 - plugins.docker_client - INFO - Получено 5 контейнеров
2025-12-09 21:52:13,403 - docker_discoverer - INFO - Docker discoverer обнаружил 5 контейнеров
2025-12-09 21:52:13,403 - svc_app_discoverer - ERROR - Требуемые директории не существуют. app_root=/site/app, htdoc_root=/site/share/htdoc
2025-12-09 21:52:13,420 - plugins.docker_client - INFO - Получено 5 контейнеров
2025-12-09 21:52:13,420 - docker_discoverer - INFO - Docker discoverer обнаружил 5 контейнеров
2025-12-09 21:52:13,420 - svc_app_discoverer - ERROR - Требуемые директории не существуют. app_root=/site/app, htdoc_root=/site/share/htdoc
2025-12-09 21:52:13,436 - plugins.docker_client - INFO - Получено 5 контейнеров
2025-12-09 21:52:13,436 - docker_discoverer - INFO - Docker discoverer обнаружил 5 контейнеров
2025-12-09 21:52:13,436 - svc_app_discoverer - ERROR - Требуемые директории не существуют. app_root=/site/app, htdoc_root=/site/share/htdoc
2025-12-09 21:52:13,453 - plugins.docker_client - INFO - Получено 5 контейнеров
2025-12-09 21:52:13,453 - docker_discoverer - INFO - Docker discoverer обнаружил 5 контейнеров
2025-12-09 21:52:13,453 - svc_app_discoverer - ERROR - Требуемые директории не существуют. app_root=/site/app, htdoc_root=/site/share/htdoc
2025-12-09 21:52:13,470 - plugins.docker_client - INFO - Получено 5 контейнеров
2025-12-09 21:52:13,470 - docker_discoverer - INFO - Docker discoverer обнаружил 5 контейнеров
2025-12-09 21:52:13,470 - svc_app_discoverer - ERROR - Требуемые директории не существуют. app_root=/site/app, htdoc_root=/site/share/htdoc
2025-12-09 21:52:13,486 - plugins.docker_client - INFO - Получено 5 контейнеров
2025-12-09 21:52:13,486 - docker_discoverer - INFO - Docker discoverer обнаружил 5 контейнеров
2025-12-09 21:52:13,486 - svc_app_discoverer - ERROR - Требуемые директории не существуют. app_root=/site/app, htdoc_root=/site/share/htdoc
2025-12-09 21:52:13,503 - plugins.docker_client - INFO - Получено 5 контейнеров
2025-12-09 21:52:13,503 - docker_discoverer - INFO - Docker discoverer обнаружил 5 контейнеров
2025-12-09 21:52:13,504 - svc_app_discoverer - ERROR - Требуемые директории не существуют. app_root=/site/app, htdoc_root=/site/share/htdoc
2025-12-09 21:52:13,520 - plugins.docker_client - INFO - Получено 5 контейнеров
2025-12-09 21:52:13,520 - docker_discoverer - INFO - Docker discoverer обнаружил 5 контейнеров
2025-12-09 21:52:13,520 - svc_app_discoverer - ERROR - Требуемые директории не существуют. app_root=/site/app, htdoc_root=/site/share/htdoc
2025-12-09 21:52:13,538 - plugins.docker_client - INFO - Получено 5 контейнеров
2025-12-09 21:52:13,539 - docker_discoverer - INFO - Docker discoverer обнаружил 5 контейнеров
2025-12-09 21:52:13,539 - svc_app_discoverer - ERROR - Требуемые директории не существуют. app_root=/site/app, htdoc_root=/site/share/htdoc
2025-12-09 21:52:13,556 - plugins.docker_client - INFO - Получено 5 контейнеров
2025-12-09 21:52:13,556 - docker_discoverer - INFO - Docker discoverer обнаружил 5 контейнеров
2025-12-09 21:52:13,556 - svc_app_discoverer - ERROR - Требуемые директории не существуют. app_root=/site/app, htdoc_root=/site/share/htdoc
2025-12-09 21:52:13,572 - plugins.docker_client - INFO - Получено 5 контейнеров
2025-12-09 21:52:13,572 - docker_discoverer - INFO - Docker discoverer обнаружил 5 контейнеров
2025-12-09 21:52:13,572 - svc_app_discoverer - ERROR - Требуемые директории не существуют. app_root=/site/app, htdoc_root=/site/share/htdoc
2025-12-09 21:52:13,589 - plugins.docker_client - INFO - Получено 5 контейнеров
2025-12-09 21:52:13,589 - docker_discoverer - INFO - Docker discoverer обнаружил 5 контейнеров
2025-12-09 21:52:13,589 - svc_app_discoverer - ERROR - Требуемые директории не существуют. app_root=/site/app, htdoc_root=/site/share/htdoc
2025-12-09 21:52:13,606 - plugins.docker_client - INFO - Получено 5 контейнеров
2025-12-09 21:52:13,606 - docker_discoverer - INFO - Docker discoverer обнаружил 5 контейнеров
2025-12-09 21:52:13,606 - svc_app_discoverer - ERROR - Требуемые директории не существуют. app_root=/site/app, htdoc_root=/site/share/htdoc
2025-12-09 21:52:13,623 - plugins.docker_client - INFO - Получено 5 контейнеров
2025-12-09 21:52:13,623 - docker_discoverer - INFO - Docker discoverer обнаружил 5 контейнеров
2025-12-09 21:52:13,623 - svc_app_discoverer - ERROR - Требуемые директории не существуют. app_root=/site/app, htdoc_root=/site/share/htdoc
2025-12-09 21:52:13,639 - plugins.docker_client - INFO - Получено 5 контейнеров
2025-12-09 21:52:13,639 - docker_discoverer - INFO - Docker discoverer обнаружил 5 контейнеров
2025-12-09 21:52:13,639 - svc_app_discoverer - ERROR - Требуемые директории не существуют. app_root=/site/app, htdoc_root=/site/share/htdoc
2025-12-09 21:52:13,655 - plugins.docker_client - INFO - Получено 5 контейнеров
2025-12-09 21:52:13,656 - docker_discoverer - INFO - Docker discoverer обнаружил 5 контейнеров
2025-12-09 21:52:13,656 - svc_app_discoverer - ERROR - Требуемые директории не существуют. app_root=/site/app, htdoc_root=/site/share/htdoc
2025-12-09 21:52:13,674 - plugins.docker_client - INFO - Получено 5 контейнеров
2025-12-09 21:52:13,674 - docker_discoverer - INFO - Docker discoverer обнаружил 5 контейнеров
2025-12-09 21:52:13,674 - svc_app_discoverer - ERROR - Требуемые директории не существуют. app_root=/site/app, htdoc_root=/site/share/htdoc
2025-12-09 21:52:13,690 - plugins.docker_client - INFO - Получено 5 контейнеров
2025-12-09 21:52:13,691 - docker_discoverer - INFO - Docker discoverer обнаружил 5 контейнеров
2025-12-09 21:52:13,691 - svc_app_discoverer - ERROR - Требуемые директории не существуют. app_root=/site/app, htdoc_root=/site/share/htdoc
2025-12-09 21:52:13,706 - plugins.docker_client - INFO - Получено 5 контейнеров
2025-12-09 21:52:13,706 - docker_discoverer - INFO - Docker discoverer обнаружил 5 контейнеров
2025-12-09 21:52:13,706 - svc_app_discoverer - ERROR - Требуемые директории не существуют. app_root=/site/app, htdoc_root=/site/share/htdoc
2025-12-09 21:52:13,722 - plugins.docker_client - INFO - Получено 5 контейнеров
2025-12-09 21:52:13,723 - docker_discoverer - INFO - Docker discoverer обнаружил 5 контейнеров
2025-12-09 21:52:13,723 - svc_app_discoverer - ERROR - Требуемые директории не существуют. app_root=/site/app, htdoc_root=/site/share/htdoc
2025-12-09 21:52:13,739 - plugins.docker_client - INFO - Получено 5 контейнеров
2025-12-09 21:52:13,739 - docker_discoverer - INFO - Docker discoverer обнаружил 5 контейнеров
2025-12-09 21:52:13,739 - svc_app_discoverer - ERROR - Требуемые директории не существуют. app_root=/site/app, htdoc_root=/site/share/htdoc
2025-12-09 21:52:13,755 - plugins.docker_client - INFO - Получено 5 контейнеров
2025-12-09 21:52:13,755 - docker_discoverer - INFO - Docker discoverer обнаружил 5 контейнеров
2025-12-09 21:52:13,755 - svc_app_discoverer - ERROR - Требуемые директории не существуют. app_root=/site/app, htdoc_root=/site/share/htdoc
2025-12-09 21:52:13,772 - plugins.docker_client - INFO - Получено 5 контейнеров
2025-12-09 21:52:13,772 - docker_discoverer - INFO - Docker discoverer обнаружил 5 контейнеров
2025-12-09 21:52:13,772 - svc_app_discoverer - ERROR - Требуемые директории не существуют. app_root=/site/app, htdoc_root=/site/share/htdoc
2025-12-09 21:52:13,787 - plugins.docker_client - INFO - Получено 5 контейнеров
2025-12-09 21:52:13,788 - docker_discoverer - INFO - Docker discoverer обнаружил 5 контейнеров
2025-12-09 21:52:13,788 - svc_app_discoverer - ERROR - Требуемые директории не существуют. app_root=/site/app, htdoc_root=/site/share/htdoc
2025-12-09 21:52:13,806 - plugins.docker_client - INFO - Получено 5 контейнеров
2025-12-09 21:52:13,806 - docker_discoverer - INFO - Docker discoverer обнаружил 5 контейнеров
2025-12-09 21:52:13,806 - svc_app_discoverer - ERROR - Требуемые директории не существуют. app_root=/site/app, htdoc_root=/site/share/htdoc
2025-12-09 21:52:13,822 - plugins.docker_client - INFO - Получено 5 контейнеров
2025-12-09 21:52:13,822 - docker_discoverer - INFO - Docker discoverer обнаружил 5 контейнеров
2025-12-09 21:52:13,822 - svc_app_discoverer - ERROR - Требуемые директории не существуют. app_root=/site/app, htdoc_root=/site/share/htdoc
2025-12-09 21:52:13,839 - plugins.docker_client - INFO - Получено 5 контейнеров
2025-12-09 21:52:13,839 - docker_discoverer - INFO - Docker discoverer обнаружил 5 контейнеров
2025-12-09 21:52:13,839 - svc_app_discoverer - ERROR - Требуемые директории не существуют. app_root=/site/app, htdoc_root=/site/share/htdoc
2025-12-09 21:52:13,855 - plugins.docker_client - INFO - Получено 5 контейнеров
2025-12-09 21:52:13,855 - docker_discoverer - INFO - Docker discoverer обнаружил 5 контейнеров
2025-12-09 21:52:13,855 - svc_app_discoverer - ERROR - Требуемые директории не существуют. app_root=/site/app, htdoc_root=/site/share/htdoc
2025-12-09 21:52:13,873 - plugins.docker_client - INFO - Получено 5 контейнеров
2025-12-09 21:52:13,873 - docker_discoverer - INFO - Docker discoverer обнаружил 5 контейнеров
2025-12-09 21:52:13,873 - svc_app_discoverer - ERROR - Требуемые директории не существуют. app_root=/site/app, htdoc_root=/site/share/htdoc
2025-12-09 21:52:13,889 - plugins.docker_client - INFO - Получено 5 контейнеров
2025-12-09 21:52:13,889 - docker_discoverer - INFO - Docker discoverer обнаружил 5 контейнеров
2025-12-09 21:52:13,889 - svc_app_discoverer - ERROR - Требуемые директории не существуют. app_root=/site/app, htdoc_root=/site/share/htdoc
2025-12-09 21:52:13,906 - plugins.docker_client - INFO - Получено 5 контейнеров
2025-12-09 21:52:13,906 - docker_discoverer - INFO - Docker discoverer обнаружил 5 контейнеров
2025-12-09 21:52:13,906 - svc_app_discoverer - ERROR - Требуемые директории не существуют. app_root=/site/app, htdoc_root=/site/share/htdoc
2025-12-09 21:52:39,128 - plugins.docker_client - INFO - Получено 5 контейнеров
2025-12-09 21:52:39,128 - docker_discoverer - INFO - Docker discoverer обнаружил 5 контейнеров
2025-12-09 21:52:39,128 - svc_app_discoverer - ERROR - Требуемые директории не существуют. app_root=/site/app, htdoc_root=/site/share/htdoc
